type_chaussures_enfant,prix,adresse,image_lien,categorie
Chaussures enfants,8 000,"location_onDakar Plateau, Dakar, Sénégal",https://images.coinafrique.com/thumb_5388880_uploaded_image1_1750707623.jpg,Chaussures Enfants
Chaussures enfants,Prix sur demande,"location_onOuakam, Dakar, Sénégal",https://images.coinafrique.com/thumb_5327025_uploaded_image1_1747213897.jpg,Chaussures Enfants
Chaussures enfants,15 000,"location_onDakar Plateau, Dakar, Sénégal",https://images.coinafrique.com/thumb_5323154_uploaded_image1_1747018204.jpg,Chaussures Enfants
Chaussures enfants,3 500,"location_onMermoz-Sacré Coeur, Dakar, Sénégal",https://images.coinafrique.com/thumb_5294713_uploaded_image1_1745421584.jpg,Chaussures Enfants
Chaussures enfants,3 500,"location_onMermoz-Sacré Coeur, Dakar, Sénégal",https://images.coinafrique.com/thumb_5294302_uploaded_image1_1745410325.jpg,Chaussures Enfants
Chaussures enfant,18 000,"location_onFass, Dakar, Sénégal",https://images.coinafrique.com/thumb_5284799_uploaded_image1_1744814056.jpg,Chaussures Enfants
Chaussures enfant,18 000,"location_onFass, Dakar, Sénégal",https://images.coinafrique.com/thumb_5284783_uploaded_image1_1744813725.jpg,Chaussures Enfants
Chaussures pour enfants,15 000,"location_onDakar Plateau, Dakar, Sénégal",https://images.coinafrique.com/thumb_5269411_uploaded_image1_1744009165.jpg,Chaussures Enfants
Chaussures enfants,2 000,"location_onDakar, Sénégal",https://images.coinafrique.com/thumb_5253810_uploaded_image1_1743097199.jpg,Chaussures Enfants
Chaussures enfants,20 000,"location_onDakar, Sénégal",https://images.coinafrique.com/thumb_5231318_uploaded_image1_1741923251.jpg,Chaussures Enfants
Chaussures enfants,15 000,"location_onDakar Plateau, Dakar, Sénégal",https://images.coinafrique.com/thumb_5231304_uploaded_image1_1741922219.jpg,Chaussures Enfants
Chaussures enfant,8 500,"location_onFass, Dakar, Sénégal",https://images.coinafrique.com/thumb_5181134_uploaded_image1_1739295232.jpg,Chaussures Enfants
Chaussures enfant,7 000,"location_onFass, Dakar, Sénégal",https://images.coinafrique.com/thumb_5181139_uploaded_image1_1739295381.jpg,Chaussures Enfants
Chaussures enfant,10 000,"location_onFass, Dakar, Sénégal",https://images.coinafrique.com/thumb_5181147_uploaded_image1_1739295472.jpg,Chaussures Enfants
Baskets Nike Jordan,20 000,"location_onMbao, Dakar, Sénégal",https://images.coinafrique.com/thumb_5210436_uploaded_image1_1740934512.jpg,Chaussures Enfants
Ballerines enfants,12 000,"location_onDakar, Sénégal",https://images.coinafrique.com/thumb_5141832_uploaded_image1_1737242187.jpg,Chaussures Enfants
Chaussures enfants,2 000,"location_onDakar Plateau, Dakar, Sénégal",https://images.coinafrique.com/thumb_5125946_uploaded_image1_1736370156.jpg,Chaussures Enfants
Baskets enfant,3 500,"location_onParcelle Assainies, Dakar, Sénégal",https://images.coinafrique.com/thumb_5080430_uploaded_image1_1733555952.jpg,Chaussures Enfants
Basket,5 000,"location_onParcelle Assainies, Dakar, Sénégal",https://images.coinafrique.com/thumb_5080428_uploaded_image1_1733555768.jpg,Chaussures Enfants
Claquettes,8 450,"location_onFass, Dakar, Sénégal",https://images.coinafrique.com/thumb_5047806_uploaded_image1_1731804849.jpg,Chaussures Enfants
Ensemble chaussures et chaussettes pour bebe,1 800,"location_onDakar Plateau, Dakar, Sénégal",https://images.coinafrique.com/thumb_5037805_uploaded_image1_1731321094.jpg,Chaussures Enfants
Ballerines enfants,Prix sur demande,"location_onDakar, Sénégal",https://images.coinafrique.com/thumb_5002639_uploaded_image1_1729418695.jpg,Chaussures Enfants
Baskets Nike Air Max,6 000,"location_onYoff, Dakar, Sénégal",https://images.coinafrique.com/thumb_4979173_uploaded_image1_1728164387.jpg,Chaussures Enfants
Jordan enfants,20 000,"location_onDakar, Sénégal",https://images.coinafrique.com/thumb_4976138_uploaded_image1_1728002356.jpg,Chaussures Enfants
jordans enfants,20 000,"location_onDakar Plateau, Dakar, Sénégal",https://images.coinafrique.com/thumb_4969624_uploaded_image1_1727758825.jpg,Chaussures Enfants
Chaussures enfant,4 000,"location_onDakar, Sénégal",https://images.coinafrique.com/thumb_4950665_uploaded_image1_1726682392.jpg,Chaussures Enfants
Chaussures enfants,13 000,"location_onDakar Plateau, Dakar, Sénégal",https://images.coinafrique.com/thumb_4934544_uploaded_image1_1725833379.jpg,Chaussures Enfants
Baskets Nike enfants,15 000,"location_onDakar Plateau, Dakar, Sénégal",https://images.coinafrique.com/thumb_4930603_uploaded_image1_1725607998.jpg,Chaussures Enfants
Baskets Jordan enfants,15 000,"location_onDakar Plateau, Dakar, Sénégal",https://images.coinafrique.com/thumb_4930596_uploaded_image1_1725607117.jpg,Chaussures Enfants
Chaussures enfant,17 000,"location_onDakar, Sénégal",https://images.coinafrique.com/thumb_4928091_uploaded_image1_1725487369.jpg,Chaussures Enfants
Baskets  Jordan enfants,16 000,"location_onDakar, Sénégal",https://images.coinafrique.com/thumb_4928088_uploaded_image1_1725487276.jpg,Chaussures Enfants
Baskets Jordan 6,11 000,"location_onRufisque, Sénégal",https://images.coinafrique.com/thumb_4921251_uploaded_image1_1725193733.jpg,Chaussures Enfants
Baskets Nike React,9 000,"location_onRufisque, Sénégal",https://images.coinafrique.com/thumb_4921241_uploaded_image1_1725193496.jpg,Chaussures Enfants
Baskets enfant,8 000,"location_onRufisque, Sénégal",https://images.coinafrique.com/thumb_4921233_uploaded_image1_1725193317.jpg,Chaussures Enfants
Chaussures enfant,20 000,"location_onDakar Plateau, Dakar, Sénégal",https://images.coinafrique.com/thumb_4870683_uploaded_image2_1722496365.jpeg,Chaussures Enfants
Chaussures enfants,3 000,"location_onKeur Massar, Sénégal",https://images.coinafrique.com/thumb_4797078_uploaded_image1_1718482814.jpg,Chaussures Enfants
Chaussures bébé et enfant,Prix sur demande,"location_onDakar, Sénégal",https://images.coinafrique.com/thumb_4783650_uploaded_image2_1717719898.jpeg,Chaussures Enfants
Chaussures filles,25 000,"location_onDakar Plateau, Dakar, Sénégal",https://images.coinafrique.com/thumb_4781990_uploaded_image1_1717637500.jpg,Chaussures Enfants
Chaussures enfants,15 000,"location_onDakar Plateau, Dakar, Sénégal",https://images.coinafrique.com/thumb_4781989_uploaded_image1_1717637364.jpg,Chaussures Enfants
Chaussures enfants,8 000,"location_onDakar, Sénégal",https://images.coinafrique.com/thumb_4779994_uploaded_image1_1717548193.jpg,Chaussures Enfants
Chaussures enfants,8 000,"location_onDakar, Sénégal",https://images.coinafrique.com/thumb_4779993_uploaded_image1_1717548114.jpg,Chaussures Enfants
Chaussures pour enfants,2 500,"location_onPikine, Sénégal",https://images.coinafrique.com/thumb_4775765_uploaded_image1_1717362018.jpg,Chaussures Enfants
Timberland enfants,7 000,"location_onDakar, Sénégal",https://images.coinafrique.com/thumb_4763656_uploaded_image1_1716765652.jpg,Chaussures Enfants
Chaussures bébés Air Force,10 000,"location_onDakar Plateau, Dakar, Sénégal",https://images.coinafrique.com/thumb_4735737_uploaded_image1_1715305215.jpg,Chaussures Enfants
Chaussures enfants,2 500,"location_onMermoz-Sacré Coeur, Dakar, Sénégal",https://images.coinafrique.com/thumb_4680911_uploaded_image1_1712514020.jpg,Chaussures Enfants
Chaussures enfants,15 000,"location_onColobane, Dakar, Sénégal",https://images.coinafrique.com/thumb_4676405_uploaded_image1_1712262646.jpg,Chaussures Enfants
Chaussures pour enfant,Prix sur demande,"location_onYoff, Dakar, Sénégal",https://images.coinafrique.com/thumb_4656153_uploaded_image1_1711205088.jpg,Chaussures Enfants
Pantoufles  enfants,2 500,"location_onGrand Yoff, Dakar, Sénégal",https://images.coinafrique.com/thumb_4632466_uploaded_image1_1709901740.jpg,Chaussures Enfants
Pantoufle enfants,2 500,"location_onMbao, Dakar, Sénégal",https://images.coinafrique.com/thumb_4626680_uploaded_image1_1709644598.jpg,Chaussures Enfants
Chaussures enfant Ogiy,17 000,"location_onGrand Yoff, Dakar, Sénégal",https://images.coinafrique.com/thumb_4623157_uploaded_image1_1709480174.jpg,Chaussures Enfants
Chaussures enfants,6 500,"location_onSipres, Dakar, Sénégal",https://images.coinafrique.com/thumb_4608262_uploaded_image1_1708692132.jpg,Chaussures Enfants
Chaussures enfants,6 500,"location_onSipres, Dakar, Sénégal",https://images.coinafrique.com/thumb_4608259_uploaded_image1_1708692072.jpg,Chaussures Enfants
Chaussures enfants,5 000,"location_onParcelle Assainies, Dakar, Sénégal",https://images.coinafrique.com/thumb_4588141_uploaded_image1_1707596385.jpg,Chaussures Enfants
Chaussures enfant,6 000,"location_onDieuppeul-Derklé, Dakar, Sénégal",https://images.coinafrique.com/thumb_4566463_uploaded_image1_1706455557.jpg,Chaussures Enfants
Chaussures enfant,13 000,"location_onDakar Plateau, Dakar, Sénégal",https://images.coinafrique.com/thumb_4514824_uploaded_image1_1703615498.jpg,Chaussures Enfants
Chaussures pour enfants,8 000,"location_onDakar Plateau, Dakar, Sénégal",https://images.coinafrique.com/thumb_4514805_uploaded_image1_1703614843.jpg,Chaussures Enfants
Chaussures enfant,6 500,"location_onDakar Plateau, Dakar, Sénégal",https://images.coinafrique.com/thumb_4476393_uploaded_image1_1701209697.jpg,Chaussures Enfants
Chaussures enfant,Prix sur demande,"location_onColobane, Dakar, Sénégal",https://images.coinafrique.com/thumb_4517970_uploaded_image2_1703783616.jpeg,Chaussures Enfants
Chaussures pour enfant,9 000,"location_onYoff, Dakar, Sénégal",https://images.coinafrique.com/thumb_4516156_uploaded_image1_1703690655.jpg,Chaussures Enfants
Chaussures enfant,Prix sur demande,"location_onColobane, Dakar, Sénégal",https://images.coinafrique.com/thumb_4513355_uploaded_image1_1703506842.jpg,Chaussures Enfants
Chaussures enfants,3 000,"location_onColobane, Dakar, Sénégal",https://images.coinafrique.com/thumb_4464312_uploaded_image1_1700415241.jpg,Chaussures Enfants
Chaussures enfants,4 000,"location_onColobane, Dakar, Sénégal",https://images.coinafrique.com/thumb_4464284_uploaded_image1_1700414113.jpg,Chaussures Enfants
Chaussures enfant,9 000,"location_onDieuppeul-Derklé, Dakar, Sénégal",https://images.coinafrique.com/thumb_4486289_uploaded_image1_1701786845.jpg,Chaussures Enfants
Chaussures enfant,6 000,"location_onDakar Plateau, Dakar, Sénégal",https://images.coinafrique.com/thumb_4452170_uploaded_image1_1699621092.jpg,Chaussures Enfants
Chaussures enfant,20 000,"location_onDakar Plateau, Dakar, Sénégal",https://images.coinafrique.com/thumb_4481347_uploaded_image1_1701486467.jpg,Chaussures Enfants
Chaussures enfant,3 000,"location_onDakar Plateau, Dakar, Sénégal",https://images.coinafrique.com/thumb_4404739_uploaded_image1_1696545306.jpg,Chaussures Enfants
Baskets  Jordan,20 000,"location_onColobane, Dakar, Sénégal",https://images.coinafrique.com/thumb_4402939_uploaded_image1_1696449724.jpg,Chaussures Enfants
Chaussures enfants,Prix sur demande,"location_onDakar Plateau, Dakar, Sénégal",https://images.coinafrique.com/thumb_4396653_uploaded_image1_1696082279.jpg,Chaussures Enfants
Chaussures enfant,20 000,"location_onGrand Dakar, Dakar, Sénégal",https://images.coinafrique.com/thumb_4430647_uploaded_image1_1698289087.jpg,Chaussures Enfants
Sandales enfant,2 500,"location_onDakar, Sénégal",https://images.coinafrique.com/thumb_4427622_uploaded_image2_1698104491.jpeg,Chaussures Enfants
Chaussures enfant,5 000,"location_onOuest Foire, Dakar, Sénégal",https://images.coinafrique.com/thumb_4422835_uploaded_image1_1697766757.jpg,Chaussures Enfants
Chaussures enfants,8 500,"location_onDakar Plateau, Dakar, Sénégal",https://images.coinafrique.com/thumb_4381758_uploaded_image1_1695064657.jpg,Chaussures Enfants
Chaussures enfant,13 000,"location_onDakar, Sénégal",https://images.coinafrique.com/thumb_4414779_uploaded_image1_1697159524.jpg,Chaussures Enfants
Chaussures enfant,8 000,"location_onDakar Plateau, Dakar, Sénégal",https://images.coinafrique.com/thumb_4375022_uploaded_image1_1694607723.jpg,Chaussures Enfants
Chaussures enfant,Prix sur demande,"location_onDakar Plateau, Dakar, Sénégal",https://images.coinafrique.com/thumb_4375003_uploaded_image1_1694607226.jpg,Chaussures Enfants
Chaussures enfants,8 000,"location_onDakar Plateau, Dakar, Sénégal",https://images.coinafrique.com/thumb_4372705_uploaded_image1_1694464836.jpg,Chaussures Enfants
Chaussures Skateboard,11 000,"location_onDakar, Sénégal",https://images.coinafrique.com/thumb_4402279_uploaded_image1_1696422852.jpg,Chaussures Enfants
Chaussures enfant,9 000,"location_onDakar, Sénégal",https://images.coinafrique.com/thumb_4397886_uploaded_image1_1696179932.jpg,Chaussures Enfants
Chaussures enfant,10 000,"location_onDakar, Sénégal",https://images.coinafrique.com/thumb_4396320_uploaded_image1_1696061527.jpg,Chaussures Enfants
Chaussures enfant,15 000,"location_onGrand Dakar, Dakar, Sénégal",https://images.coinafrique.com/thumb_4394927_uploaded_image1_1695956109.jpg,Chaussures Enfants
Chaussures enfant,6 000,"location_onDiamalaye 1, Dakar, Sénégal",https://images.coinafrique.com/thumb_4392112_uploaded_image1_1695751474.jpg,Chaussures Enfants
Chaussures enfant,28 000,"location_onMedina, Dakar, Sénégal",https://images.coinafrique.com/thumb_4367839_uploaded_image2_1694130362.jpeg,Chaussures Enfants
Chaussures enfant,20 000,"location_onSacré-Coeur, Dakar, Sénégal",https://images.coinafrique.com/thumb_4361430_uploaded_image2_1693749843.jpeg,Chaussures Enfants
Chaussures enfant,20 000,"location_onGrand Dakar, Dakar, Sénégal",https://images.coinafrique.com/thumb_4351852_uploaded_image1_1693108691.jpg,Chaussures Enfants
Chaussures enfant,6 000,"location_onParcelle Assainies, Dakar, Sénégal",https://images.coinafrique.com/thumb_4351183_uploaded_image1_1693054139.jpg,Chaussures Enfants
Chaussures enfant - 7 paires,15 000,"location_onOuakam, Dakar, Sénégal",https://images.coinafrique.com/thumb_4336733_uploaded_image1_1692136230.jpg,Chaussures Enfants
Chaussures enfant,18 000,"location_onGrand Dakar, Dakar, Sénégal",https://images.coinafrique.com/thumb_4327769_uploaded_image1_1691537125.jpg,Chaussures Enfants
Chaussures enfant,Prix sur demande,"location_onDakar Plateau, Dakar, Sénégal",https://images.coinafrique.com/thumb_4300380_uploaded_image1_1689770515.jpg,Chaussures Enfants
Chaussures enfant,5 000,"location_onMermoz-Sacré Coeur, Dakar, Sénégal",https://images.coinafrique.com/thumb_4287055_uploaded_image1_1688860044.jpg,Chaussures Enfants
Chaussures enfant,Prix sur demande,"location_onHLM, Dakar, Sénégal",https://images.coinafrique.com/thumb_4173847_uploaded_image1_1681305963.jpg,Chaussures Enfants
Chaussures enfants,Prix sur demande,"location_onHLM, Dakar, Sénégal",https://images.coinafrique.com/thumb_4173844_uploaded_image1_1681305896.jpg,Chaussures Enfants
Baskets enfant  Jordan,20 000,"location_onGrand Dakar, Dakar, Sénégal",https://images.coinafrique.com/thumb_4201412_uploaded_image1_1683164968.jpg,Chaussures Enfants
Chaussures enfants,Prix sur demande,"location_onHLM, Dakar, Sénégal",https://images.coinafrique.com/thumb_4165640_uploaded_image1_1680784379.jpg,Chaussures Enfants
Chaussures enfants,Prix sur demande,"location_onHLM, Dakar, Sénégal",https://images.coinafrique.com/thumb_4165637_uploaded_image1_1680784317.jpg,Chaussures Enfants
Chaussures enfants,Prix sur demande,"location_onHLM, Dakar, Sénégal",https://images.coinafrique.com/thumb_4165645_uploaded_image1_1680784454.jpg,Chaussures Enfants
Chaussures enfants,Prix sur demande,"location_onHLM, Dakar, Sénégal",https://images.coinafrique.com/thumb_4165635_uploaded_image1_1680784281.jpg,Chaussures Enfants
Chaussures enfants,Prix sur demande,"location_onHLM, Dakar, Sénégal",https://images.coinafrique.com/thumb_4165634_uploaded_image1_1680784244.jpg,Chaussures Enfants
Chaussures bébé,2 000,"location_onHLM, Dakar, Sénégal",https://images.coinafrique.com/thumb_4187241_uploaded_image1_1682255769.jpg,Chaussures Enfants
Chaussures bébé,Prix sur demande,"location_onDakar, Sénégal",https://images.coinafrique.com/thumb_4187188_uploaded_image1_1682250705.jpg,Chaussures Enfants
Chaussures enfants,8 000,"location_onDakar Plateau, Dakar, Sénégal",https://images.coinafrique.com/thumb_4136187_uploaded_image1_1678918009.jpg,Chaussures Enfants
Ballerines  enfant,7 500,"location_onSicap foire, Dakar, Sénégal",https://images.coinafrique.com/thumb_4175703_uploaded_image1_1681413005.jpg,Chaussures Enfants
Chaussures enfant,8 000,"location_onDakar Plateau, Dakar, Sénégal",https://images.coinafrique.com/thumb_4124281_uploaded_image1_1678211049.jpg,Chaussures Enfants
Chaussures  enfant,Prix sur demande,"location_onColobane, Dakar, Sénégal",https://images.coinafrique.com/thumb_4140244_uploaded_image1_1679226845.jpg,Chaussures Enfants
Chaussures enfants friperie,Prix sur demande,"location_onColobane, Dakar, Sénégal",https://images.coinafrique.com/thumb_4140242_uploaded_image1_1679226795.jpg,Chaussures Enfants
Crampons pour enfant,12 000,"location_onDiamniadio, Sénégal",https://images.coinafrique.com/thumb_4101596_uploaded_image1_1676845748.jpg,Chaussures Enfants
Chaussures enfant,2 000,"location_onOuakam, Dakar, Sénégal",https://images.coinafrique.com/thumb_4139946_uploaded_image1_1679215303.jpg,Chaussures Enfants
Chaussures enfant,2 000,"location_onOuakam, Dakar, Sénégal",https://images.coinafrique.com/thumb_4139937_uploaded_image1_1679215240.jpg,Chaussures Enfants
Chaussures  enfant,2 000,"location_onOuakam, Dakar, Sénégal",https://images.coinafrique.com/thumb_4139933_uploaded_image1_1679181631.jpg,Chaussures Enfants
Chaussures enfants,12 000,"location_onGuediawaye, Dakar, Sénégal",https://images.coinafrique.com/thumb_4111498_uploaded_image1_1677508687.jpg,Chaussures Enfants
Bottes fourrées fille,13 000,"location_onParcelle Assainies, Dakar, Sénégal",https://images.coinafrique.com/thumb_4110432_uploaded_image1_1677428890.jpg,Chaussures Enfants
Baskets enfant,20 000,"location_onGrand Dakar, Dakar, Sénégal",https://images.coinafrique.com/thumb_4096757_uploaded_image1_1676513509.jpg,Chaussures Enfants
Chaussures enfant,13 000,"location_onDakar Plateau, Dakar, Sénégal",https://images.coinafrique.com/thumb_4050259_uploaded_image1_1673728537.jpg,Chaussures Enfants
Chaussures enfant,5 500,"location_onYoff, Dakar, Sénégal",https://images.coinafrique.com/thumb_4059363_uploaded_image1_1674301059.jpg,Chaussures Enfants
Chaussures enfant,5 500,"location_onYoff, Dakar, Sénégal",https://images.coinafrique.com/thumb_4059370_uploaded_image1_1674301238.jpg,Chaussures Enfants
Chaussures enfant,5 500,"location_onYoff, Dakar, Sénégal",https://images.coinafrique.com/thumb_4059365_uploaded_image1_1674301160.jpg,Chaussures Enfants
Chaussures  enfant,20 000,"location_onGrand Dakar, Dakar, Sénégal",https://images.coinafrique.com/thumb_4081818_uploaded_image1_1675653272.jpg,Chaussures Enfants
Chaussures enfant,10 000,"location_onDakar Plateau, Dakar, Sénégal",https://images.coinafrique.com/thumb_4028219_uploaded_image1_1672405449.jpg,Chaussures Enfants
Pantoufles,7 000,"location_onGrand Yoff, Dakar, Sénégal",https://images.coinafrique.com/thumb_4060976_uploaded_image1_1674416715.jpg,Chaussures Enfants
Chaussures enfant,8 000,"location_onDakar Plateau, Dakar, Sénégal",https://images.coinafrique.com/thumb_4019759_uploaded_image1_1671731981.jpg,Chaussures Enfants
Chaussures  enfant,Prix sur demande,"location_onColobane, Dakar, Sénégal",https://images.coinafrique.com/thumb_4040305_uploaded_image2_1673193273.jpeg,Chaussures Enfants
Chaussure Jordan enfant,7 500,"location_onParcelle Assainies, Dakar, Sénégal",https://images.coinafrique.com/thumb_4040246_uploaded_image1_1673189828.jpg,Chaussures Enfants
Chaussures enfants,20 000,"location_onColobane, Dakar, Sénégal",https://images.coinafrique.com/thumb_4038506_uploaded_image1_1673066961.jpg,Chaussures Enfants
Chaussures crocs,6 000,"location_onHLM, Dakar, Sénégal",https://images.coinafrique.com/thumb_4038403_uploaded_image1_1673050094.jpg,Chaussures Enfants
Chaussures enfant,Prix sur demande,"location_onColobane, Dakar, Sénégal",https://images.coinafrique.com/thumb_4002035_uploaded_image1_1670608928.jpg,Chaussures Enfants
Chaussures enfants,20 000,"location_onColobane, Dakar, Sénégal",https://images.coinafrique.com/thumb_4024385_uploaded_image1_1672137859.jpg,Chaussures Enfants
Chaussures enfants,15 000,"location_onColobane, Dakar, Sénégal",https://images.coinafrique.com/thumb_4002819_uploaded_image1_1670672099.jpg,Chaussures Enfants
Chaussures enfant friperie,7 000,"location_onColobane, Dakar, Sénégal",https://images.coinafrique.com/thumb_4000084_uploaded_image1_1670513545.jpg,Chaussures Enfants
Baskets enfant friperie,Prix sur demande,"location_onColobane, Dakar, Sénégal",https://images.coinafrique.com/thumb_4000080_uploaded_image3_1670513440.jpeg,Chaussures Enfants
Baskets enfant,20 000,"location_onBiscuiterie, Dakar, Sénégal",https://images.coinafrique.com/thumb_3958985_uploaded_image1_1668074060.jpg,Chaussures Enfants
Chaussures enfants,20 000,"location_onBiscuiterie, Dakar, Sénégal",https://images.coinafrique.com/thumb_3934730_uploaded_image1_1666662380.jpg,Chaussures Enfants
Chaussure enfants,15 000,"location_onDakar, Sénégal",https://images.coinafrique.com/thumb_3920803_uploaded_image1_1665775387.jpg,Chaussures Enfants
Chaussures enfants,Prix sur demande,"location_onColobane, Dakar, Sénégal",https://images.coinafrique.com/thumb_3897399_uploaded_image1_1664399172.jpg,Chaussures Enfants
Chaussures enfants,Prix sur demande,"location_onColobane, Dakar, Sénégal",https://images.coinafrique.com/thumb_3897395_uploaded_image1_1664399089.jpg,Chaussures Enfants
Chaussures enfants friperie,Prix sur demande,"location_onColobane, Dakar, Sénégal",https://images.coinafrique.com/thumb_3895663_uploaded_image1_1664298673.jpg,Chaussures Enfants
Chaussures crocs,3 000,"location_onDakar, Sénégal",https://images.coinafrique.com/thumb_3874877_uploaded_image1_1662993378.jpg,Chaussures Enfants
Chaussures crocs,3 000,"location_onDakar, Sénégal",https://images.coinafrique.com/thumb_3874870_uploaded_image1_1662993234.jpg,Chaussures Enfants
Chaussures enfants,Prix sur demande,"location_onYoff, Dakar, Sénégal",https://images.coinafrique.com/thumb_3887647_uploaded_image1_1663793770.jpg,Chaussures Enfants
Chaussures enfants,15 000,"location_onBiscuiterie, Dakar, Sénégal",https://images.coinafrique.com/thumb_3886285_uploaded_image1_1663727518.jpg,Chaussures Enfants
Chaussures filles,6 000,"location_onOuakam, Dakar, Sénégal",https://images.coinafrique.com/thumb_3869546_uploaded_image1_1662655575.jpg,Chaussures Enfants
Chaussures fille,3 000,"location_onDakar Plateau, Dakar, Sénégal",https://images.coinafrique.com/thumb_3853482_uploaded_image1_1661882915.jpg,Chaussures Enfants
Chaussures fille,2 500,"location_onDakar Plateau, Dakar, Sénégal",https://images.coinafrique.com/thumb_3853480_uploaded_image1_1661882766.jpg,Chaussures Enfants
Chaussures enfants,Prix sur demande,"location_onColobane, Dakar, Sénégal",https://images.coinafrique.com/thumb_3851925_uploaded_image1_1661800790.jpg,Chaussures Enfants
Baskets enfant,12 000,"location_onDakar, Sénégal",https://images.coinafrique.com/thumb_3848408_uploaded_image1_1661541004.jpg,Chaussures Enfants
Chaussures enfants,5 000,"location_onDakar, Sénégal",https://images.coinafrique.com/thumb_3804708_uploaded_image1_1659095376.jpg,Chaussures Enfants
Chaussures enfants,10 000,"location_onBiscuiterie, Dakar, Sénégal",https://images.coinafrique.com/thumb_3824846_uploaded_image1_1660191219.jpg,Chaussures Enfants
Sandales africaines enfants,1 500,"location_onCambérène, Dakar, Sénégal",https://images.coinafrique.com/thumb_3778619_uploaded_image1_1657354885.jpg,Chaussures Enfants
Chaussures enfants,7 000,"location_onSicap Liberté, Dakar, Sénégal",https://images.coinafrique.com/thumb_3777593_uploaded_image1_1657274825.jpg,Chaussures Enfants
Chaussures enfants,7 000,"location_onSicap Liberté, Dakar, Sénégal",https://images.coinafrique.com/thumb_3777592_uploaded_image1_1657274783.jpg,Chaussures Enfants
Chaussures enfant,12 500,"location_onDakar, Sénégal",https://images.coinafrique.com/thumb_3771424_uploaded_image1_1656942212.jpg,Chaussures Enfants
Claquettes enfant,1 250,"location_onColobane, Dakar, Sénégal",https://images.coinafrique.com/thumb_3768510_uploaded_image1_1656771169.jpg,Chaussures Enfants
Chaussures bébé,1 500,"location_onHLM, Dakar, Sénégal",https://images.coinafrique.com/thumb_3704967_uploaded_image1_1653083833.jpg,Chaussures Enfants
Chaussures enfants,10 000,"location_onHann Bel-Air, Dakar, Sénégal",https://images.coinafrique.com/thumb_3672156_uploaded_image1_1651092639.jpg,Chaussures Enfants
Chaussures enfants,13 000,"location_onDakar, Sénégal",https://images.coinafrique.com/thumb_3699436_uploaded_image1_1652782683.jpg,Chaussures Enfants
Baskets enfant,15 000,"location_onBiscuiterie, Dakar, Sénégal",https://images.coinafrique.com/thumb_3690626_uploaded_image1_1652255965.jpg,Chaussures Enfants
Chaussures enfants,7 000,"location_onDakar, Sénégal",https://images.coinafrique.com/thumb_3641537_uploaded_image1_1649258723.jpg,Chaussures Enfants
Chaussures enfants,10 000,"location_onParcelle Assainies, Dakar, Sénégal",https://images.coinafrique.com/thumb_3673169_uploaded_image2_1651155111.jpeg,Chaussures Enfants
Chaussures enfants,10 000,"location_onParcelle Assainies, Dakar, Sénégal",https://images.coinafrique.com/thumb_3673165_uploaded_image2_1651154980.jpeg,Chaussures Enfants
Chaussures enfants,10 000,"location_onParcelle Assainies, Dakar, Sénégal",https://images.coinafrique.com/thumb_3673159_uploaded_image3_1651154872.jpeg,Chaussures Enfants
Chaussures enfant,Prix sur demande,"location_onColobane, Dakar, Sénégal",https://images.coinafrique.com/thumb_3669958_uploaded_image3_1650975432.jpeg,Chaussures Enfants
Chaussures enfant,Prix sur demande,"location_onColobane, Dakar, Sénégal",https://images.coinafrique.com/thumb_3669956_uploaded_image2_1650975375.jpeg,Chaussures Enfants
Chaussures enfant,Prix sur demande,"location_onColobane, Dakar, Sénégal",https://images.coinafrique.com/thumb_3669952_uploaded_image1_1650975316.jpg,Chaussures Enfants
Chaussures enfant,3 500,"location_onThies, Sénégal",https://images.coinafrique.com/thumb_3641983_uploaded_image1_1649278750.jpg,Chaussures Enfants
Chaussures enfants,7 000,"location_onGrand Yoff, Dakar, Sénégal",https://images.coinafrique.com/thumb_3641151_uploaded_image2_1649247824.jpeg,Chaussures Enfants
Ballerines enfant,7 000,"location_onGrand Yoff, Dakar, Sénégal",https://images.coinafrique.com/thumb_3617411_uploaded_image1_1647863237.jpg,Chaussures Enfants
Baskets Air Force One,Prix sur demande,"location_onColobane, Dakar, Sénégal",https://images.coinafrique.com/thumb_3599487_uploaded_image1_1646755996.jpg,Chaussures Enfants
Chaussures enfants,5 000,"location_onMedina, Dakar, Sénégal",https://images.coinafrique.com/thumb_3579013_uploaded_image1_1645581208.jpg,Chaussures Enfants
Chaussures enfant friperie,Prix sur demande,"location_onColobane, Dakar, Sénégal",https://images.coinafrique.com/thumb_3566813_uploaded_image1_1644828469.jpg,Chaussures Enfants
Chaussures enfant friperie,Prix sur demande,"location_onColobane, Dakar, Sénégal",https://images.coinafrique.com/thumb_3566810_uploaded_image1_1644828396.jpg,Chaussures Enfants
Chaussures enfants friperie,Prix sur demande,"location_onColobane, Dakar, Sénégal",https://images.coinafrique.com/thumb_3544110_uploaded_image1_1643467157.jpg,Chaussures Enfants
Chaussures fille,2 000,"location_onMermoz-Sacré Coeur, Dakar, Sénégal",https://images.coinafrique.com/thumb_3543253_uploaded_image1_1643397434.jpg,Chaussures Enfants
Chaussures enfants,11 000,"location_onColobane, Dakar, Sénégal",https://images.coinafrique.com/thumb_3537500_uploaded_image1_1643045085.jpg,Chaussures Enfants
Pantoufles enfant,4 000,"location_onCambérène, Dakar, Sénégal",https://images.coinafrique.com/thumb_3533457_uploaded_image1_1642754956.jpg,Chaussures Enfants
Pantoufles,4 000,"location_onCambérène, Dakar, Sénégal",https://images.coinafrique.com/thumb_3529128_uploaded_image1_1642500345.jpg,Chaussures Enfants
Chaussures enfant friperie,Prix sur demande,"location_onColobane, Dakar, Sénégal",https://images.coinafrique.com/thumb_3528221_uploaded_image1_1642431390.jpg,Chaussures Enfants
Chaussures enfant friperie,Prix sur demande,"location_onColobane, Dakar, Sénégal",https://images.coinafrique.com/thumb_3528219_uploaded_image1_1642431351.jpg,Chaussures Enfants
Chaussures friperie enfants,Prix sur demande,"location_onColobane, Dakar, Sénégal",https://images.coinafrique.com/thumb_3526941_uploaded_image1_1642346098.jpg,Chaussures Enfants
Chaussures enfant friperie,Prix sur demande,"location_onColobane, Dakar, Sénégal",https://images.coinafrique.com/thumb_3526938_uploaded_image1_1642345964.jpg,Chaussures Enfants
Baskets friperie Nike enfants,Prix sur demande,"location_onColobane, Dakar, Sénégal",https://images.coinafrique.com/thumb_3526935_uploaded_image1_1642345866.jpg,Chaussures Enfants
Chaussures enfant,10 000,"location_onGuediawaye, Dakar, Sénégal",https://images.coinafrique.com/thumb_3513868_uploaded_image1_1641563929.jpg,Chaussures Enfants
Baskets Nike enfant,15 000,"location_onBiscuiterie, Dakar, Sénégal",https://images.coinafrique.com/thumb_3496189_uploaded_image2_1640319435.jpeg,Chaussures Enfants
Baskets enfants Nike,Prix sur demande,"location_onColobane, Dakar, Sénégal",https://images.coinafrique.com/thumb_3495835_uploaded_image1_1640284287.jpg,Chaussures Enfants
Chaussures  en cuir,12 000,"location_onGrand Yoff, Dakar, Sénégal",https://images.coinafrique.com/thumb_3495410_uploaded_image1_1640264833.jpg,Chaussures Enfants
Souliers enfants,15 000,"location_onDieuppeul-Derklé, Dakar, Sénégal",https://images.coinafrique.com/thumb_3486610_uploaded_image1_1639656374.jpg,Chaussures Enfants
Sandales pour enfants,1 000,"location_onPatte d'oie, Dakar, Sénégal",https://images.coinafrique.com/thumb_3481315_uploaded_image1_1639352929.jpg,Chaussures Enfants
Chaussures enfant,Prix sur demande,"location_onColobane, Dakar, Sénégal",https://images.coinafrique.com/thumb_3475296_uploaded_image1_1638981582.jpg,Chaussures Enfants
Ballerines enfant,10 000,"location_onOuest Foire, Dakar, Sénégal",https://images.coinafrique.com/thumb_3468451_uploaded_image1_1638628031.jpg,Chaussures Enfants
Chaussures enfants,Prix sur demande,"location_onColobane, Dakar, Sénégal",https://images.coinafrique.com/thumb_3462501_uploaded_image1_1638375325.jpg,Chaussures Enfants
Chaussures enfant,Prix sur demande,"location_onColobane, Dakar, Sénégal",https://images.coinafrique.com/thumb_3462499_uploaded_image1_1638375239.jpg,Chaussures Enfants
Chaussures  enfant,Prix sur demande,"location_onColobane, Dakar, Sénégal",https://images.coinafrique.com/thumb_3462497_uploaded_image1_1638375172.jpg,Chaussures Enfants
Chaussettes bébé,9 000,"location_onHLM, Dakar, Sénégal",https://images.coinafrique.com/thumb_3451771_uploaded_image1_1637718423.jpg,Chaussures Enfants
Chaussures enfant,7 000,"location_onDakar Plateau, Dakar, Sénégal",https://images.coinafrique.com/thumb_3432590_uploaded_image2_1636625019.jpeg,Chaussures Enfants
Chaussures orthopédiques enfant,4 500,"location_onGrand Yoff, Dakar, Sénégal",https://images.coinafrique.com/thumb_3429468_uploaded_image1_1636466917.jpg,Chaussures Enfants
Baskets Nike Jordan enfants,Prix sur demande,"location_onMbao, Dakar, Sénégal",https://images.coinafrique.com/thumb_3429274_uploaded_image1_1636462416.jpg,Chaussures Enfants
Sandales petites filles,2 000,"location_onMbao, Dakar, Sénégal",https://images.coinafrique.com/thumb_3415129_uploaded_image1_1635810651.jpg,Chaussures Enfants
Chaussures enfants,2 000,"location_onMbao, Dakar, Sénégal",https://images.coinafrique.com/thumb_3415124_uploaded_image1_1635810270.jpg,Chaussures Enfants
Sandales fillettes,1 500,"location_onPatte d'oie, Dakar, Sénégal",https://images.coinafrique.com/thumb_3401227_uploaded_image1_1635079924.jpg,Chaussures Enfants
Sandales fillettes,1 500,"location_onPatte d'oie, Dakar, Sénégal",https://images.coinafrique.com/thumb_3401225_uploaded_image1_1635079810.jpg,Chaussures Enfants
Chaussures enfant,Prix sur demande,"location_onColobane, Dakar, Sénégal",https://images.coinafrique.com/thumb_3400235_uploaded_image1_1634998926.jpg,Chaussures Enfants
Chaussures enfant,Prix sur demande,"location_onColobane, Dakar, Sénégal",https://images.coinafrique.com/thumb_3400230_uploaded_image1_1634998844.jpg,Chaussures Enfants
Baskets enfant,14 000,"location_onGuediawaye, Dakar, Sénégal",https://images.coinafrique.com/thumb_3398164_uploaded_image1_1634895995.jpg,Chaussures Enfants
Chaussures pour enfants,12 000,"location_onDakar, Sénégal",https://images.coinafrique.com/thumb_3391943_uploaded_image1_1634574064.jpg,Chaussures Enfants
Chaussures orthopédiques enfants,6 500,"location_onGrand Yoff, Dakar, Sénégal",https://images.coinafrique.com/thumb_3378261_uploaded_image1_1633851365.jpg,Chaussures Enfants
Chaussures enfants friperie,Prix sur demande,"location_onColobane, Dakar, Sénégal",https://images.coinafrique.com/thumb_3372302_uploaded_image1_1633544921.jpg,Chaussures Enfants
Chaussures enfant friperie,Prix sur demande,"location_onColobane, Dakar, Sénégal",https://images.coinafrique.com/thumb_3372289_uploaded_image1_1633544246.jpg,Chaussures Enfants
Chaussures enfants,12 000,"location_onDakar, Sénégal",https://images.coinafrique.com/thumb_3370357_uploaded_image1_1633470461.jpg,Chaussures Enfants
Chaussures enfants,12 000,"location_onDakar, Sénégal",https://images.coinafrique.com/thumb_3370124_uploaded_image1_1633461260.jpg,Chaussures Enfants
Chaussures enfant,6 000,"location_onGuediawaye, Dakar, Sénégal",https://images.coinafrique.com/thumb_3365662_uploaded_image1_1633268172.jpg,Chaussures Enfants
Mocassins enfant en daim,15 000,"location_onDakar Plateau, Dakar, Sénégal",https://images.coinafrique.com/thumb_3354895_uploaded_image1_1632752207.jpg,Chaussures Enfants
Chaussures enfant,8 000,"location_onDakar, Sénégal",https://images.coinafrique.com/thumb_3349497_uploaded_image1_1632394857.jpg,Chaussures Enfants
Chaussures enfant,5 000,"location_onHann Bel-Air, Dakar, Sénégal",https://images.coinafrique.com/thumb_3336753_uploaded_image1_1631736848.jpg,Chaussures Enfants
Chaussures enfants,Prix sur demande,"location_onDakar, Sénégal",https://images.coinafrique.com/thumb_3331774_uploaded_image2_1631522808.jpeg,Chaussures Enfants
Baskets enfants,7 000,"location_onColobane, Dakar, Sénégal",https://images.coinafrique.com/thumb_3327812_uploaded_image1_1631278298.jpg,Chaussures Enfants
Mocassins enfant,15 000,"location_onDakar, Sénégal",https://images.coinafrique.com/thumb_3319920_uploaded_image1_1630947708.jpg,Chaussures Enfants
Baskets enfants,7 000,"location_onColobane, Dakar, Sénégal",https://images.coinafrique.com/thumb_3316031_uploaded_image1_1630757466.jpg,Chaussures Enfants
Chaussures enfant,13 500,"location_onDakar, Sénégal",https://images.coinafrique.com/thumb_3312395_uploaded_image1_1630601772.jpg,Chaussures Enfants
Chaussures enfants,2 500,"location_onDakar, Sénégal",https://images.coinafrique.com/thumb_3305453_uploaded_image2_1630348767.jpeg,Chaussures Enfants
Chaussures enfants,13 500,"location_onDakar, Sénégal",https://images.coinafrique.com/thumb_3288174_uploaded_image1_1629374418.jpg,Chaussures Enfants
Chaussures enfants,13 500,"location_onDakar, Sénégal",https://images.coinafrique.com/thumb_3288168_uploaded_image1_1629374275.jpg,Chaussures Enfants
Chaussures enfant,13 500,"location_onDakar, Sénégal",https://images.coinafrique.com/thumb_3288165_uploaded_image1_1629374192.jpg,Chaussures Enfants
Chaussures enfant,3 000,"location_onMermoz-Sacré Coeur, Dakar, Sénégal",https://images.coinafrique.com/thumb_3267690_uploaded_image1_1628334320.jpg,Chaussures Enfants
Chaussures  fille,12 500,"location_onDakar, Sénégal",https://images.coinafrique.com/thumb_3252340_uploaded_image1_1627653888.jpg,Chaussures Enfants
Chaussures enfant,15 000,"location_onGrand Yoff, Dakar, Sénégal",https://images.coinafrique.com/thumb_3247099_uploaded_image1_1627387079.jpg,Chaussures Enfants
Babouches enfant,7 000,"location_onHann Bel-Air, Dakar, Sénégal",https://images.coinafrique.com/thumb_3231496_uploaded_image1_1626390253.jpg,Chaussures Enfants
Chaussures Enfants,10 000,"location_onBiscuiterie, Dakar, Sénégal",https://images.coinafrique.com/thumb_3227293_uploaded_image1_1626223659.jpg,Chaussures Enfants
Chaussures  enfant,15 000,"location_onDakar Plateau, Dakar, Sénégal",https://images.coinafrique.com/thumb_3224546_uploaded_image1_1626108022.jpg,Chaussures Enfants
Chaussures enfants,Prix sur demande,"location_onColobane, Dakar, Sénégal",https://images.coinafrique.com/thumb_3222222_uploaded_image1_1626008303.jpg,Chaussures Enfants
Chaussures enfant,Prix sur demande,"location_onColobane, Dakar, Sénégal",https://images.coinafrique.com/thumb_3219248_uploaded_image1_1625842846.jpg,Chaussures Enfants
Chaussures enfant,Prix sur demande,"location_onColobane, Dakar, Sénégal",https://images.coinafrique.com/thumb_3219232_uploaded_image1_1625842643.jpg,Chaussures Enfants
Chaussures enfants,Prix sur demande,"location_onColobane, Dakar, Sénégal",https://images.coinafrique.com/thumb_3219227_uploaded_image1_1625842539.jpg,Chaussures Enfants
Chaussures enfants,10 000,"location_onHann Bel-Air, Dakar, Sénégal",https://images.coinafrique.com/thumb_3217628_uploaded_image1_1625766871.jpg,Chaussures Enfants
Chaussures enfant,10 000,"location_onHann Bel-Air, Dakar, Sénégal",https://images.coinafrique.com/thumb_3217622_uploaded_image1_1625766711.jpg,Chaussures Enfants
Chaussures enfant,10 000,"location_onHann Bel-Air, Dakar, Sénégal",https://images.coinafrique.com/thumb_3217486_uploaded_image1_1625761437.jpg,Chaussures Enfants
Chaussures enfant,10 000,"location_onHann Bel-Air, Dakar, Sénégal",https://images.coinafrique.com/thumb_3217457_uploaded_image1_1625760969.jpg,Chaussures Enfants
Chaussures enfant,Prix sur demande,"location_onColobane, Dakar, Sénégal",https://images.coinafrique.com/thumb_3214895_uploaded_image1_1625663507.jpg,Chaussures Enfants
Chaussures enfants,Prix sur demande,"location_onColobane, Dakar, Sénégal",https://images.coinafrique.com/thumb_3214892_uploaded_image2_1625663433.jpeg,Chaussures Enfants
Chaussures à talon enfant,Prix sur demande,"location_onDakar, Sénégal",https://images.coinafrique.com/thumb_3202429_uploaded_image3_1625166497.jpeg,Chaussures Enfants
Baskets enfant,Prix sur demande,"location_onColobane, Dakar, Sénégal",https://images.coinafrique.com/thumb_3196322_uploaded_image1_1624907984.jpg,Chaussures Enfants
Baskets Air Jordan enfant,15 000,"location_onPoint E, Dakar, Sénégal",https://images.coinafrique.com/thumb_3171528_uploaded_image1_1623678884.jpg,Chaussures Enfants
Chaussures enfants,Prix sur demande,"location_onColobane, Dakar, Sénégal",https://images.coinafrique.com/thumb_3163306_uploaded_image1_1623261796.jpg,Chaussures Enfants
Chaussures bébé,5 000,"location_onHLM, Dakar, Sénégal",https://images.coinafrique.com/thumb_3156703_uploaded_image1_1623001294.jpg,Chaussures Enfants
Chaussures enfants,Prix sur demande,"location_onColobane, Dakar, Sénégal",https://images.coinafrique.com/thumb_3141004_uploaded_image2_1622376414.jpeg,Chaussures Enfants
Chaussures enfant,Prix sur demande,"location_onColobane, Dakar, Sénégal",https://images.coinafrique.com/thumb_3141001_uploaded_image1_1622376331.jpg,Chaussures Enfants
Chaussures bébé,6 000,"location_onParcelle Assainies, Dakar, Sénégal",https://images.coinafrique.com/thumb_3140539_uploaded_image1_1622331287.jpg,Chaussures Enfants
Chaussures enfant,5 000,"location_onColobane, Dakar, Sénégal",https://images.coinafrique.com/thumb_3138744_uploaded_image1_1622222944.jpg,Chaussures Enfants
Chaussures enfant,5 000,"location_onColobane, Dakar, Sénégal",https://images.coinafrique.com/thumb_3138741_uploaded_image1_1622222899.jpg,Chaussures Enfants
Chaussures bébé,6 000,"location_onParcelle Assainies, Dakar, Sénégal",https://images.coinafrique.com/thumb_3136795_uploaded_image1_1622129786.jpg,Chaussures Enfants
Chaussures orthopédiques enfants,12 000,"location_onRufisque, Sénégal",https://images.coinafrique.com/thumb_3128593_uploaded_image1_1621701550.jpg,Chaussures Enfants
Chaussures enfant,8 500,"location_onGrand Dakar, Dakar, Sénégal",https://images.coinafrique.com/thumb_3124327_uploaded_image1_1621494874.jpg,Chaussures Enfants
Chaussures crops bébé,5 000,"location_onMermoz-Sacré Coeur, Dakar, Sénégal",https://images.coinafrique.com/thumb_3106484_uploaded_image1_1620567535.jpg,Chaussures Enfants
Chaussures enfants,2 500,"location_onDieuppeul-Derklé, Dakar, Sénégal",https://images.coinafrique.com/thumb_3105886_uploaded_image1_1620525968.jpg,Chaussures Enfants
Chaussures enfants,6 000,"location_onAlmadies, Dakar, Sénégal",https://images.coinafrique.com/thumb_3102441_uploaded_image1_1620372742.jpg,Chaussures Enfants
Chaussures enfants,6 000,"location_onAlmadies, Dakar, Sénégal",https://images.coinafrique.com/thumb_3102432_uploaded_image1_1620372465.jpg,Chaussures Enfants
Chaussures enfant,3 500,"location_onParcelle Assainies, Dakar, Sénégal",https://images.coinafrique.com/thumb_3102429_uploaded_image1_1620372293.jpg,Chaussures Enfants
Chaussures enfants,6 000,"location_onAlmadies, Dakar, Sénégal",https://images.coinafrique.com/thumb_3102419_uploaded_image1_1620371811.jpg,Chaussures Enfants
Chaussures enfant,6 000,"location_onRufisque, Sénégal",https://images.coinafrique.com/thumb_3102417_uploaded_image1_1620371690.jpg,Chaussures Enfants
Chaussures enfants,10 000,"location_onBiscuiterie, Dakar, Sénégal",https://images.coinafrique.com/thumb_3102122_uploaded_image1_1620341974.jpg,Chaussures Enfants
Chaussures enfant,50 000,"location_onFann-Point E-Amitié, Dakar, Sénégal",https://images.coinafrique.com/thumb_3100228_uploaded_image1_1620285689.jpg,Chaussures Enfants
Chaussures fille,Prix sur demande,"location_onGrand Yoff, Dakar, Sénégal",https://images.coinafrique.com/thumb_3099833_uploaded_image1_1620253098.jpg,Chaussures Enfants
Chaussures à talon enfants,10 000,"location_onDakar, Sénégal",https://images.coinafrique.com/thumb_3095584_uploaded_image1_1620089749.jpg,Chaussures Enfants
Chaussures enfant,15 000,"location_onBiscuiterie, Dakar, Sénégal",https://images.coinafrique.com/thumb_3093302_uploaded_image1_1620011941.jpg,Chaussures Enfants
Chaussures enfant,Prix sur demande,"location_onDakar, Sénégal",https://images.coinafrique.com/thumb_3088810_uploaded_image1_1619817941.jpg,Chaussures Enfants
Chaussures petite fille,Prix sur demande,"location_onDakar, Sénégal",https://images.coinafrique.com/thumb_3088807_uploaded_image1_1619817848.jpg,Chaussures Enfants
Chaussures enfant,Prix sur demande,"location_onColobane, Dakar, Sénégal",https://images.coinafrique.com/thumb_3085707_uploaded_image1_1619658806.jpg,Chaussures Enfants
Chaussures filles,Prix sur demande,"location_onColobane, Dakar, Sénégal",https://images.coinafrique.com/thumb_3085706_uploaded_image1_1619658731.jpg,Chaussures Enfants
Baskets Jordan enfant,Prix sur demande,"location_onColobane, Dakar, Sénégal",https://images.coinafrique.com/thumb_3085703_uploaded_image1_1619658542.jpg,Chaussures Enfants
Chaussures  fille,5 500,"location_onColobane, Dakar, Sénégal",https://images.coinafrique.com/thumb_3084737_uploaded_image1_1619615814.jpg,Chaussures Enfants
Chaussures enfant,Prix sur demande,"location_onGrand Yoff, Dakar, Sénégal",https://images.coinafrique.com/thumb_3083915_uploaded_image1_1619572325.jpg,Chaussures Enfants
Chaussures enfants,10 000,"location_onDakar, Sénégal",https://images.coinafrique.com/thumb_3077278_uploaded_image1_1619226701.jpg,Chaussures Enfants
Chaussures enfant,15 000,"location_onDakar, Sénégal",https://images.coinafrique.com/thumb_3075527_uploaded_image1_1619145411.jpg,Chaussures Enfants
Chaussures enfant,5 000,"location_onDakar, Sénégal",https://images.coinafrique.com/thumb_3071648_uploaded_image1_1619000211.jpg,Chaussures Enfants
Chaussures enfants,Prix sur demande,"location_onGrand Dakar, Dakar, Sénégal",https://images.coinafrique.com/thumb_3071128_uploaded_image1_1618963694.jpg,Chaussures Enfants
Chaussures enfants,Prix sur demande,"location_onGrand Dakar, Dakar, Sénégal",https://images.coinafrique.com/thumb_3060194_uploaded_image1_1618441376.jpg,Chaussures Enfants
Chaussures enfants,10 000,"location_onDakar, Sénégal",https://images.coinafrique.com/thumb_3052212_uploaded_image1_1618089468.jpg,Chaussures Enfants
Baskets Adidas Stan Smith pour bébé,8 000,"location_onDakar, Sénégal",https://images.coinafrique.com/thumb_3048378_uploaded_image1_1617915277.jpg,Chaussures Enfants
Chaussures enfant,10 000,"location_onZiguinchor, Sénégal",https://images.coinafrique.com/thumb_3047906_uploaded_image1_1617901111.jpg,Chaussures Enfants
Chaussures enfant,10 000,"location_onDakar, Sénégal",https://images.coinafrique.com/thumb_3047901_uploaded_image1_1617900953.jpg,Chaussures Enfants
Chaussures bébé,10 000,"location_onDakar, Sénégal",https://images.coinafrique.com/thumb_3047895_uploaded_image1_1617900785.jpg,Chaussures Enfants
Chaussures Enfants,10 000,"location_onDakar, Sénégal",https://images.coinafrique.com/thumb_3040951_uploaded_image1_1617626335.jpg,Chaussures Enfants
Chaussures enfants,10 000,"location_onDakar, Sénégal",https://images.coinafrique.com/thumb_3040948_uploaded_image1_1617626252.jpg,Chaussures Enfants
Chaussures fillette,10 000,"location_onDakar, Sénégal",https://images.coinafrique.com/thumb_3039898_uploaded_image1_1617564756.jpg,Chaussures Enfants
Mocassins enfant,10 000,"location_onDakar, Sénégal",https://images.coinafrique.com/thumb_3039894_uploaded_image1_1617564682.jpg,Chaussures Enfants
Chaussures enfant,10 000,"location_onDakar, Sénégal",https://images.coinafrique.com/thumb_3039890_uploaded_image1_1617564616.jpg,Chaussures Enfants
Baskets Adidas Yeezy,10 000,"location_onDakar, Sénégal",https://images.coinafrique.com/thumb_3039797_uploaded_image1_1617561525.jpg,Chaussures Enfants
Baskets Jordan enfants,Prix sur demande,"location_onColobane, Dakar, Sénégal",https://images.coinafrique.com/thumb_3036158_uploaded_image1_1617387289.jpg,Chaussures Enfants
Baskets Nike Air Force enfants,Prix sur demande,"location_onColobane, Dakar, Sénégal",https://images.coinafrique.com/thumb_3036156_uploaded_image1_1617387240.jpg,Chaussures Enfants
Baskets Nike enfants,Prix sur demande,"location_onColobane, Dakar, Sénégal",https://images.coinafrique.com/thumb_3036155_uploaded_image1_1617387184.jpg,Chaussures Enfants
Ensemble enfant,12 000,"location_onHLM, Dakar, Sénégal",https://images.coinafrique.com/thumb_3032235_uploaded_image1_1617269518.jpg,Chaussures Enfants
Chaussures bébé,4 000,"location_onHLM, Dakar, Sénégal",https://images.coinafrique.com/thumb_3024586_uploaded_image1_1616871119.jpg,Chaussures Enfants
Chaussures bébé,5 000,"location_onHLM, Dakar, Sénégal",https://images.coinafrique.com/thumb_3024046_uploaded_image1_1616850690.jpg,Chaussures Enfants
Chaussures enfants,Prix sur demande,"location_onColobane, Dakar, Sénégal",https://images.coinafrique.com/thumb_3021292_uploaded_image1_1616699181.jpg,Chaussures Enfants
Chaussures enfants,Prix sur demande,"location_onColobane, Dakar, Sénégal",https://images.coinafrique.com/thumb_3021291_uploaded_image1_1616699088.jpg,Chaussures Enfants
Chaussures enfant,8 500,"location_onDakar, Sénégal",https://images.coinafrique.com/thumb_3019231_uploaded_image1_1616610393.jpg,Chaussures Enfants
Baskets enfants,Prix sur demande,"location_onDakar, Sénégal",https://images.coinafrique.com/thumb_3017496_uploaded_image1_1616529866.jpg,Chaussures Enfants
Baskets enfants,Prix sur demande,"location_onColobane, Dakar, Sénégal",https://images.coinafrique.com/thumb_3017343_uploaded_image1_1616522893.jpg,Chaussures Enfants
Baskets Nike enfants,Prix sur demande,"location_onColobane, Dakar, Sénégal",https://images.coinafrique.com/thumb_3017342_uploaded_image1_1616522840.jpg,Chaussures Enfants
Baskets Jordan enfants,Prix sur demande,"location_onColobane, Dakar, Sénégal",https://images.coinafrique.com/thumb_3015628_uploaded_image1_1616441305.jpg,Chaussures Enfants
Chaussures enfant friperie,5 000,"location_onColobane, Dakar, Sénégal",https://images.coinafrique.com/thumb_3012388_uploaded_image1_1616265482.jpg,Chaussures Enfants
Chaussures enfant,Prix sur demande,"location_onDakar, Sénégal",https://images.coinafrique.com/thumb_3010551_uploaded_image1_1616171723.jpg,Chaussures Enfants
Chaussures enfant,Prix sur demande,"location_onMedina, Dakar, Sénégal",https://images.coinafrique.com/thumb_3007072_uploaded_image1_1615998986.jpg,Chaussures Enfants
Chaussures enfant,Prix sur demande,"location_onDakar, Sénégal",https://images.coinafrique.com/thumb_3006541_uploaded_image1_1615983073.jpg,Chaussures Enfants
Chaussures enfant,8 500,"location_onDakar, Sénégal",https://images.coinafrique.com/thumb_3004980_uploaded_image1_1615909281.jpg,Chaussures Enfants
Chaussures enfant,Prix sur demande,"location_onDakar, Sénégal",https://images.coinafrique.com/thumb_3000024_uploaded_image1_1615644889.jpg,Chaussures Enfants
Mocassin enfants,8 000,"location_onDakar, Sénégal",https://images.coinafrique.com/thumb_2998854_uploaded_image1_1615573131.jpg,Chaussures Enfants
Chaussure enfant,Prix sur demande,"location_onDakar, Sénégal",https://images.coinafrique.com/thumb_2972750_uploaded_image1_1614348026.jpg,Chaussures Enfants
Chaussures enfant,6 000,"location_onDakar, Sénégal",https://images.coinafrique.com/thumb_2972549_uploaded_image1_1614340377.jpg,Chaussures Enfants
Claquettes enfant,6 000,"location_onDakar, Sénégal",https://images.coinafrique.com/thumb_2972548_uploaded_image1_1614340301.jpg,Chaussures Enfants
Chaussures enfants,3 000,"location_onDakar, Sénégal",https://images.coinafrique.com/thumb_2956562_uploaded_image1_1613573380.jpg,Chaussures Enfants
Bottes montantes enfants,Prix sur demande,"location_onDakar, Sénégal",https://images.coinafrique.com/thumb_2942252_uploaded_image1_1612898624.jpg,Chaussures Enfants
Chaussures  enfants,Prix sur demande,"location_onColobane, Dakar, Sénégal",https://images.coinafrique.com/thumb_2942163_uploaded_image1_1612894677.jpg,Chaussures Enfants
Chaussures  enfants,Prix sur demande,"location_onColobane, Dakar, Sénégal",https://images.coinafrique.com/thumb_2942161_uploaded_image1_1612894618.jpg,Chaussures Enfants
Chaussures nourrissons,Prix sur demande,"location_onDakar, Sénégal",https://images.coinafrique.com/thumb_2942148_uploaded_image1_1612894020.jpg,Chaussures Enfants
Chaussures Jordan 11,20 000,"location_onDakar Plateau, Dakar, Sénégal",https://images.coinafrique.com/thumb_2934921_uploaded_image1_1612567043.jpg,Chaussures Enfants
Baskets Nike,Prix sur demande,"location_onColobane, Dakar, Sénégal",https://images.coinafrique.com/thumb_2924613_uploaded_image1_1612202808.jpg,Chaussures Enfants
Chaussures pour enfant,Prix sur demande,"location_onColobane, Dakar, Sénégal",https://images.coinafrique.com/thumb_2924609_uploaded_image1_1612202719.jpg,Chaussures Enfants
Baskets fille,1 000,"location_onDakar, Sénégal",https://images.coinafrique.com/thumb_2905159_uploaded_image1_1611266722.jpg,Chaussures Enfants
Chaussures enfants,30 000,"location_onDakar, Sénégal",https://images.coinafrique.com/thumb_2896647_uploaded_image1_1610917261.jpg,Chaussures Enfants
Chaussures enfant,25 000,"location_onAlmadies, Dakar, Sénégal",https://images.coinafrique.com/thumb_2883679_uploaded_image1_1610381004.jpg,Chaussures Enfants
Chaussures enfant,25 000,"location_onAlmadies, Dakar, Sénégal",https://images.coinafrique.com/thumb_2883672_uploaded_image1_1610380885.jpg,Chaussures Enfants
Chaussures enfant,Prix sur demande,"location_onColobane, Dakar, Sénégal",https://images.coinafrique.com/thumb_2867107_uploaded_image1_1609753243.jpg,Chaussures Enfants
Chaussures enfants,Prix sur demande,"location_onColobane, Dakar, Sénégal",https://images.coinafrique.com/thumb_2862808_uploaded_image1_1609520465.jpg,Chaussures Enfants
Chaussures enfant,2 500,"location_onHLM, Dakar, Sénégal",https://images.coinafrique.com/thumb_2847269_uploaded_image1_1608653733.jpg,Chaussures Enfants
Baskets Nike pour enfants,10 000,"location_onMermoz-Sacré Coeur, Dakar, Sénégal",https://images.coinafrique.com/thumb_2837971_uploaded_image1_1608232681.jpg,Chaussures Enfants
Chaussures garçons,10 000,"location_onHLM, Dakar, Sénégal",https://images.coinafrique.com/thumb_2831294_uploaded_image1_1607984493.jpg,Chaussures Enfants
Chaussures pour enfants,Prix sur demande,"location_onColobane, Dakar, Sénégal",https://images.coinafrique.com/thumb_2830947_uploaded_image1_1607971324.jpg,Chaussures Enfants
Chaussure enfants,Prix sur demande,"location_onDakar, Sénégal",https://images.coinafrique.com/thumb_2822660_uploaded_image1_1607610140.jpg,Chaussures Enfants
Baskets Puma - Adidas,Prix sur demande,"location_onFass, Dakar, Sénégal",https://images.coinafrique.com/thumb_2818578_uploaded_image1_1607458128.jpg,Chaussures Enfants
Chaussures friperie - enfants,5 000,"location_onColobane, Dakar, Sénégal",https://images.coinafrique.com/thumb_2812381_uploaded_image1_1607243451.jpg,Chaussures Enfants
Chaussures friperie enfant,Prix sur demande,"location_onColobane, Dakar, Sénégal",https://images.coinafrique.com/thumb_2812377_uploaded_image1_1607243252.jpg,Chaussures Enfants
Baskets Nike,15 000,"location_onDakar Plateau, Dakar, Sénégal",https://images.coinafrique.com/thumb_2810613_uploaded_image1_1607160786.jpg,Chaussures Enfants
Chaussures enfant,2 500,"location_onDieuppeul-Derklé, Dakar, Sénégal",https://images.coinafrique.com/thumb_2802614_uploaded_image1_1606904602.jpg,Chaussures Enfants
Chaussures bébé,3 000,"location_onHLM, Dakar, Sénégal",https://images.coinafrique.com/thumb_2801602_uploaded_image1_1606862013.jpg,Chaussures Enfants
Chaussures garçon,Prix sur demande,"location_onDakar, Sénégal",https://images.coinafrique.com/thumb_2798841_uploaded_image1_1606808767.jpg,Chaussures Enfants
Chaussures enfant,10 000,"location_onYoff, Dakar, Sénégal",https://images.coinafrique.com/thumb_2797680_uploaded_image1_1606753722.jpg,Chaussures Enfants
Chaussures garçons,3 000,"location_onGrand Dakar, Dakar, Sénégal",https://images.coinafrique.com/thumb_2795704_uploaded_image1_1606681411.jpg,Chaussures Enfants
Claquettes enfants,6 000,"location_onGuediawaye, Dakar, Sénégal",https://images.coinafrique.com/thumb_2795343_uploaded_image1_1606666445.jpg,Chaussures Enfants
Baskets Adidas,22 500,"location_onDakar, Sénégal",https://images.coinafrique.com/thumb_2789511_uploaded_image1_1606408266.jpg,Chaussures Enfants
Chaussures enfant,13 000,"location_onZiguinchor, Sénégal",https://images.coinafrique.com/thumb_2772389_uploaded_image1_1605772309.jpg,Chaussures Enfants
Chaussures enfants,15 000,"location_onZiguinchor, Sénégal",https://images.coinafrique.com/thumb_2772383_uploaded_image1_1605772057.jpg,Chaussures Enfants
Chaussures  enfants,10 000,"location_onMermoz-Sacré Coeur, Dakar, Sénégal",https://images.coinafrique.com/thumb_2765779_uploaded_image1_1605531902.jpg,Chaussures Enfants
Claquettes enfant,2 500,"location_onDieuppeul-Derklé, Dakar, Sénégal",https://images.coinafrique.com/thumb_2762753_uploaded_image1_1605397699.jpg,Chaussures Enfants
Chaussures de sport enfants,2 000,"location_onHann Bel-Air, Dakar, Sénégal",https://images.coinafrique.com/thumb_2752149_uploaded_image1_1605019568.jpg,Chaussures Enfants
Chaussures enfant,2 500,"location_onHann Bel-Air, Dakar, Sénégal",https://images.coinafrique.com/thumb_2752137_uploaded_image1_1605019378.jpg,Chaussures Enfants
Chaussures d'été enfants,3 000,"location_onHann Bel-Air, Dakar, Sénégal",https://images.coinafrique.com/thumb_2752129_uploaded_image1_1605019198.jpg,Chaussures Enfants
Chaussures enfant,7 500,"location_onHann Bel-Air, Dakar, Sénégal",https://images.coinafrique.com/thumb_2752111_uploaded_image1_1605018817.jpg,Chaussures Enfants
Chaussures enfant,15 000,"location_onKolda, Sénégal",https://images.coinafrique.com/thumb_2749776_uploaded_image1_1604935997.jpg,Chaussures Enfants
Chaussures enfant,10 000,"location_onPatte d'oie, Dakar, Sénégal",https://images.coinafrique.com/thumb_2749342_uploaded_image1_1604925569.jpg,Chaussures Enfants
Chaussures enfant,15 000,"location_onHann Bel-Air, Hann / Bel Air (Dakar), Sénégal",https://images.coinafrique.com/thumb_2747212_uploaded_image1_1604838947.jpg,Chaussures Enfants
Chaussures fille,15 000,"location_onMermoz-Sacré Coeur, Dakar, Sénégal",https://images.coinafrique.com/thumb_2744527_uploaded_image1_1604704184.jpg,Chaussures Enfants
Chaussures enfant,7 000,"location_onDakar, Sénégal",https://images.coinafrique.com/thumb_2740384_uploaded_image1_1604582455.jpg,Chaussures Enfants
Chaussures enfant,7 000,"location_onDakar, Sénégal",https://images.coinafrique.com/thumb_2740383_uploaded_image1_1604582418.jpg,Chaussures Enfants
Chaussures enfants,Prix sur demande,"location_onFass, Dakar, Sénégal",https://images.coinafrique.com/thumb_2738977_uploaded_image1_1604527399.jpg,Chaussures Enfants
Chaussures enfant,12 000,"location_onHann Bel-Air, Dakar, Sénégal",https://images.coinafrique.com/thumb_2735476_uploaded_image1_1604424098.jpg,Chaussures Enfants
Chaussures fille,10 000,"location_onDakar, Sénégal",https://images.coinafrique.com/thumb_2734564_uploaded_image1_1604405272.jpg,Chaussures Enfants
Chaussures Enfant,3 500,"location_onParcelle Assainies, Dakar, Sénégal",https://images.coinafrique.com/thumb_2734509_uploaded_image1_1604404615.jpg,Chaussures Enfants
Chaussures enfant,2 500,"location_onDieuppeul-Derklé, Dakar, Sénégal",https://images.coinafrique.com/thumb_2733477_uploaded_image1_1604363169.jpg,Chaussures Enfants
Chaussures enfant,10 000,"location_onPatte d'oie, Dakar, Sénégal",https://images.coinafrique.com/thumb_2732252_uploaded_image1_1604327384.jpg,Chaussures Enfants
Chaussures bébé,Prix sur demande,"location_onMamelles, Dakar, Sénégal",https://images.coinafrique.com/thumb_2726794_uploaded_image1_1604060597.jpg,Chaussures Enfants
Chaussures pour enfants,8 000,"location_onDakar, Sénégal",https://images.coinafrique.com/thumb_2726067_uploaded_image1_1604015534.jpg,Chaussures Enfants
Chaussures enfant,2 500,"location_onDieuppeul-Derklé, Dakar, Sénégal",https://images.coinafrique.com/thumb_2720321_uploaded_image1_1603756962.jpg,Chaussures Enfants
Sandales Adidas Yeezy,Prix sur demande,"location_onDakar, Sénégal",https://images.coinafrique.com/thumb_2717389_uploaded_image1_1603638267.jpg,Chaussures Enfants
Chaussures Enfant,Prix sur demande,"location_onYoff, Dakar, Sénégal",https://images.coinafrique.com/thumb_2710760_uploaded_image1_1603327864.jpg,Chaussures Enfants
Chaussures enfants,Prix sur demande,"location_onFass, Dakar, Sénégal",https://images.coinafrique.com/thumb_2705566_uploaded_image1_1603128488.jpg,Chaussures Enfants
Chaussures Enfants,3 000,"location_onDieuppeul-Derklé, Dakar, Sénégal",https://images.coinafrique.com/thumb_2686221_uploaded_image1_1602375459.jpg,Chaussures Enfants
Chaussures enfants,10 000,"location_onDakar, Sénégal",https://images.coinafrique.com/thumb_2671653_uploaded_image1_1601824422.jpg,Chaussures Enfants
Chaussures enfant,3 000,"location_onDakar Plateau, Dakar, Sénégal",https://images.coinafrique.com/thumb_2658958_uploaded_image1_1601383110.jpg,Chaussures Enfants
Chaussures enfant,3 000,"location_onDakar Plateau, Dakar, Sénégal",https://images.coinafrique.com/thumb_2658953_uploaded_image1_1601383073.jpg,Chaussures Enfants
Chaussures enfant,3 000,"location_onDieuppeul-Derklé, Dakar, Sénégal",https://images.coinafrique.com/thumb_2655658_uploaded_image1_1601252815.jpg,Chaussures Enfants
Chaussures enfants,5 000,"location_onParcelle Assainies, Dakar, Sénégal",https://images.coinafrique.com/thumb_2646040_uploaded_image1_1600852986.jpg,Chaussures Enfants
Chaussures enfants,3 000,"location_onDieuppeul-Derklé, Dakar, Sénégal",https://images.coinafrique.com/thumb_2642974_uploaded_image1_1600732549.jpg,Chaussures Enfants
Chaussures enfant,3 000,"location_onDieuppeul-Derklé, Dakar, Sénégal",https://images.coinafrique.com/thumb_2629141_uploaded_image1_1600221342.jpg,Chaussures Enfants
Chaussures enfants,3 000,"location_onDieuppeul-Derklé, Dakar, Sénégal",https://images.coinafrique.com/thumb_2623386_uploaded_image1_1600019061.jpg,Chaussures Enfants
Chaussures enfants,6 000,"location_onDakar, Sénégal",https://images.coinafrique.com/thumb_2621862_uploaded_image1_1599941553.jpg,Chaussures Enfants
Chaussures garçon,6 000,"location_onDakar, Sénégal",https://images.coinafrique.com/thumb_2621852_uploaded_image1_1599941341.jpg,Chaussures Enfants
Chaussures garçons,6 000,"location_onDakar, Sénégal",https://images.coinafrique.com/thumb_2621850_uploaded_image1_1599941226.jpg,Chaussures Enfants
Chaussures fille,6 000,"location_onDakar, Sénégal",https://images.coinafrique.com/thumb_2621842_uploaded_image1_1599941018.jpg,Chaussures Enfants
Chaussures fille,6 000,"location_onDakar, Sénégal",https://images.coinafrique.com/thumb_2621836_uploaded_image1_1599940895.jpg,Chaussures Enfants
Chaussures fille,6 000,"location_onDakar, Sénégal",https://images.coinafrique.com/thumb_2621830_uploaded_image1_1599940781.jpg,Chaussures Enfants
Chaussures enfant,3 000,"location_onDieuppeul-Derklé, Dakar, Sénégal",https://images.coinafrique.com/thumb_2612829_uploaded_image1_1599648926.jpg,Chaussures Enfants
Chaussures enfants,3 000,"location_onDieuppeul-Derklé, Dakar, Sénégal",https://images.coinafrique.com/thumb_2606174_uploaded_image1_1599441065.jpg,Chaussures Enfants
Chaussures enfants,3 000,"location_onDieuppeul-Derklé, Dakar, Sénégal",https://images.coinafrique.com/thumb_2601784_uploaded_image1_1599263254.jpg,Chaussures Enfants
Chaussures enfants,Prix sur demande,"location_onOuest Foire, Dakar, Sénégal",https://images.coinafrique.com/thumb_2594069_uploaded_image1_1599042727.jpg,Chaussures Enfants
Chaussures Enfants,8 000,"location_onHann Bel-Air, Dakar, Sénégal",https://images.coinafrique.com/thumb_2584194_uploaded_image1_1598703235.jpg,Chaussures Enfants
Chaussures enfant,Prix sur demande,"location_onOuakam, Dakar, Sénégal",https://images.coinafrique.com/thumb_2543182_uploaded_image1_1597411837.jpg,Chaussures Enfants
Chaussures enfants,Prix sur demande,"location_onFass, Dakar, Sénégal",https://images.coinafrique.com/thumb_2530121_uploaded_image1_1597069575.jpg,Chaussures Enfants
Baskets Nike Air Max,Prix sur demande,"location_onFass, Dakar, Sénégal",https://images.coinafrique.com/thumb_2526613_uploaded_image1_1596969629.jpg,Chaussures Enfants
Chaussures enfant,6 000,"location_onDieuppeul-Derklé, Dakar, Sénégal",https://images.coinafrique.com/thumb_2486553_uploaded_image1_1595806629.jpg,Chaussures Enfants
Chaussures enfants,6 000,"location_onDieuppeul-Derklé, Dakar, Sénégal",https://images.coinafrique.com/thumb_2484023_uploaded_image1_1595729844.jpg,Chaussures Enfants
Chaussures enfants,6 000,"location_onDieuppeul-Derklé, Dakar, Sénégal",https://images.coinafrique.com/thumb_2484019_uploaded_image1_1595729648.jpg,Chaussures Enfants
Chaussures enfants,7 500,"location_onDieuppeul-Derklé, Dakar, Sénégal",https://images.coinafrique.com/thumb_2484015_uploaded_image1_1595729350.jpg,Chaussures Enfants
Chaussures enfants,5 000,"location_onDieuppeul-Derklé, Dakar, Sénégal",https://images.coinafrique.com/thumb_2484004_uploaded_image1_1595729080.jpg,Chaussures Enfants
Baskets Jordan,Prix sur demande,"location_onDakar, Sénégal",https://images.coinafrique.com/thumb_2481675_uploaded_image1_1595675783.jpg,Chaussures Enfants
Chaussures enfants,8 000,"location_onDakar, Sénégal",https://images.coinafrique.com/thumb_2480205_uploaded_image1_1595631053.jpg,Chaussures Enfants
Chaussures enfants,8 000,"location_onDakar, Sénégal",https://images.coinafrique.com/thumb_2480204_uploaded_image1_1595631025.jpg,Chaussures Enfants
Chaussures enfant,8 500,"location_onBiscuiterie, Dakar, Sénégal",https://images.coinafrique.com/thumb_2477046_uploaded_image1_1595580779.jpg,Chaussures Enfants
Chaussures enfant,7 500,"location_onDieuppeul-Derklé, Dakar, Sénégal",https://images.coinafrique.com/thumb_2476350_uploaded_image1_1595551356.jpg,Chaussures Enfants
Chaussures enfant,5 000,"location_onDieuppeul-Derklé, Dakar, Sénégal",https://images.coinafrique.com/thumb_2476339_uploaded_image1_1595551015.jpg,Chaussures Enfants
Chaussures enfant,6 000,"location_onDieuppeul-Derklé, Dakar, Sénégal",https://images.coinafrique.com/thumb_2472307_uploaded_image1_1595468941.jpg,Chaussures Enfants
Chaussures enfant,6 000,"location_onDieuppeul-Derklé, Dakar, Sénégal",https://images.coinafrique.com/thumb_2472298_uploaded_image1_1595468772.jpg,Chaussures Enfants
Chaussures enfant,6 000,"location_onDieuppeul-Derklé, Dakar, Sénégal",https://images.coinafrique.com/thumb_2472283_uploaded_image1_1595468382.jpg,Chaussures Enfants
Chaussures enfant,Prix sur demande,"location_onDakar, Sénégal",https://images.coinafrique.com/thumb_2460623_uploaded_image1_1595239531.jpg,Chaussures Enfants
Chaussures enfants,Prix sur demande,"location_onDakar, Sénégal",https://images.coinafrique.com/thumb_2460595_uploaded_image1_1595239204.jpg,Chaussures Enfants
Chaussures enfants,6 000,"location_onDieuppeul-Derklé, Dakar, Sénégal",https://images.coinafrique.com/thumb_2456502_uploaded_image1_1595118562.jpg,Chaussures Enfants
Chaussures enfants,Prix sur demande,"location_onDakar, Sénégal",https://images.coinafrique.com/thumb_2452832_uploaded_image1_1595021290.jpg,Chaussures Enfants
Chaussures enfants,Prix sur demande,"location_onGrand Yoff, Dakar, Sénégal",https://images.coinafrique.com/thumb_2447627_uploaded_image1_1594918005.jpg,Chaussures Enfants
Chaussures enfant,6 000,"location_onDieuppeul-Derklé, Dakar, Sénégal",https://images.coinafrique.com/thumb_2444887_uploaded_image1_1594863625.jpg,Chaussures Enfants
Chaussures enfant,4 000,"location_onDakar, Sénégal",https://images.coinafrique.com/thumb_2444525_uploaded_image1_1594854180.jpg,Chaussures Enfants
Chaussures enfants,6 000,"location_onOuakam, Dakar, Sénégal",https://images.coinafrique.com/thumb_2443725_uploaded_image1_1594838891.jpg,Chaussures Enfants
Chaussures enfant,5 500,"location_onOuakam, Dakar, Sénégal",https://images.coinafrique.com/thumb_2443709_uploaded_image1_1594838430.jpg,Chaussures Enfants
Chaussures enfants,Prix sur demande,"location_onOuakam, Dakar, Sénégal",https://images.coinafrique.com/thumb_2443671_uploaded_image1_1594837680.jpg,Chaussures Enfants
Chaussures enfants,6 000,"location_onDieuppeul-Derklé, Dakar, Sénégal",https://images.coinafrique.com/thumb_2443093_uploaded_image1_1594828501.jpg,Chaussures Enfants
Chaussures pour filles,12 000,"location_onHann Bel-Air, Dakar, Sénégal",https://images.coinafrique.com/thumb_2439527_uploaded_image1_1594751426.jpg,Chaussures Enfants
Chaussures Enfants,8 000,"location_onDakar, Sénégal",https://images.coinafrique.com/thumb_2431711_uploaded_image1_1594596062.jpg,Chaussures Enfants
Chaussures Enfants,8 000,"location_onDakar, Sénégal",https://images.coinafrique.com/thumb_2431710_uploaded_image1_1594596033.jpg,Chaussures Enfants
Chaussures Enfants,4 500,"location_onMermoz-Sacré-Cœur, Dakar, Sénégal",https://images.coinafrique.com/thumb_2430991_uploaded_image1_1594579037.35.jpeg,Chaussures Enfants
Chaussures enfant,Prix sur demande,"location_onGuediawaye, Dakar, Sénégal",https://images.coinafrique.com/thumb_2430002_uploaded_image1_1594558582.jpg,Chaussures Enfants
Chaussures enfants,6 000,"location_onDieuppeul-Derklé, Dakar, Sénégal",https://images.coinafrique.com/thumb_2428992_uploaded_image1_1594520466.jpg,Chaussures Enfants
Chaussures Enfants,8 000,"location_onDakar, Sénégal",https://images.coinafrique.com/thumb_2428826_uploaded_image1_1594515028.jpg,Chaussures Enfants
Chaussures enfant,8 000,"location_onDakar, Sénégal",https://images.coinafrique.com/thumb_2428822_uploaded_image1_1594514978.jpg,Chaussures Enfants
Chaussures Enfants,8 000,"location_onDakar, Sénégal",https://images.coinafrique.com/thumb_2428820_uploaded_image1_1594514951.jpg,Chaussures Enfants
Chaussures enfants,6 000,"location_onDieuppeul-Derklé, Dakar, Sénégal",https://images.coinafrique.com/thumb_2425191_uploaded_image1_1594428152.jpg,Chaussures Enfants
