type_chaussures,prix,adresse,image_lien,categorie
Chaussures Crocs,9 000,"location_onDakar, Sénégal",https://images.coinafrique.com/thumb_5379660_uploaded_image1_1750203700.jpg,Chaussures Homme
Chaussures Crocs,9 000,"location_onDakar, Sénégal",https://images.coinafrique.com/thumb_5379657_uploaded_image1_1750203622.jpg,Chaussures Homme
Baskets Timberland,20 000,"location_onDakar, Sénégal",https://images.coinafrique.com/thumb_5384805_uploaded_image1_1750461330.jpg,Chaussures Homme
Baskets Dior B22,30 000,"location_onDakar, Sénégal",https://images.coinafrique.com/thumb_5365750_uploaded_image1_1749419182.jpg,Chaussures Homme
Baskets Lacoste Trainer L003,30 000,"location_onDakar, Sénégal",https://images.coinafrique.com/thumb_5365745_uploaded_image1_1749419070.jpg,Chaussures Homme
Baskets Lacoste trainer L003,30 000,"location_onDakar, Sénégal",https://images.coinafrique.com/thumb_5365741_uploaded_image1_1749418889.jpg,Chaussures Homme
Chaussures pour homme,10 000,"location_onMedina, Dakar, Sénégal",https://images.coinafrique.com/thumb_5403324_uploaded_image1_1751494857.jpg,Chaussures Homme
Baskets Adidas,20 000,"location_onDakar, Sénégal",https://images.coinafrique.com/thumb_5365752_uploaded_image1_1749419261.jpg,Chaussures Homme
Baskets Louis Vuitton,30 000,"location_onDakar, Sénégal",https://images.coinafrique.com/thumb_5365755_uploaded_image1_1749419366.jpg,Chaussures Homme
Baskets AF1 / The Nord Face,22 000,"location_onDakar, Sénégal",https://images.coinafrique.com/thumb_5365735_uploaded_image1_1749418626.jpg,Chaussures Homme
Baskets Air Jordan 1,20 000,"location_onDakar, Sénégal",https://images.coinafrique.com/thumb_5365739_uploaded_image1_1749418736.jpg,Chaussures Homme
Baskets Timberland,35 000,"location_onDakar, Sénégal",https://images.coinafrique.com/thumb_5365729_uploaded_image1_1749418455.jpg,Chaussures Homme
Baskets Adidas Super Star,20 000,"location_onDakar, Sénégal",https://images.coinafrique.com/thumb_5365715_uploaded_image1_1749417986.jpg,Chaussures Homme
Baskets Louis Vuitton,25 000,"location_onDakar, Sénégal",https://images.coinafrique.com/thumb_5365721_uploaded_image1_1749418247.jpg,Chaussures Homme
Baskets Nike P6000,27 000,"location_onDakar, Sénégal",https://images.coinafrique.com/thumb_5365720_uploaded_image1_1749418139.jpg,Chaussures Homme
Baskets Nike Zoomx,25 000,"location_onDakar, Sénégal",https://images.coinafrique.com/thumb_5365707_uploaded_image1_1749417627.jpg,Chaussures Homme
Baskets Jordan One Low,25 000,"location_onDakar, Sénégal",https://images.coinafrique.com/thumb_5365709_uploaded_image1_1749417739.jpg,Chaussures Homme
Baskets Jordan One,20 000,"location_onDakar, Sénégal",https://images.coinafrique.com/thumb_5365710_uploaded_image1_1749417808.jpg,Chaussures Homme
Baskets Jordan 12,25 000,"location_onDakar, Sénégal",https://images.coinafrique.com/thumb_5365713_uploaded_image1_1749417889.jpg,Chaussures Homme
Baskets Jordan 3,20 000,"location_onDakar, Sénégal",https://images.coinafrique.com/thumb_5365706_uploaded_image1_1749417541.jpg,Chaussures Homme
Sandales orthopédiques,12 000,"location_onSacré-Coeur, Dakar, Sénégal",https://images.coinafrique.com/thumb_5403273_uploaded_image1_1751493058.jpg,Chaussures Homme
Baskets Adidas Samba,20 000,"location_onDakar, Sénégal",https://images.coinafrique.com/thumb_5365698_uploaded_image1_1749417367.jpg,Chaussures Homme
Baskets New Balance Fuel Cell,27 000,"location_onDakar, Sénégal",https://images.coinafrique.com/thumb_5365693_uploaded_image1_1749417266.jpg,Chaussures Homme
Basktes New Balance Fuel Cell,27 000,"location_onDakar, Sénégal",https://images.coinafrique.com/thumb_5365690_uploaded_image1_1749417178.jpg,Chaussures Homme
Baskets New Balance Fuel Cell,27 000,"location_onDakar, Sénégal",https://images.coinafrique.com/thumb_5365687_uploaded_image1_1749417092.jpg,Chaussures Homme
Chaussures New Balance,25 000,"location_onDakar, Sénégal",https://images.coinafrique.com/thumb_5369209_uploaded_image1_1749635290.jpg,Chaussures Homme
Crocs,8 000,"location_onDakar, Sénégal",https://images.coinafrique.com/thumb_5387384_uploaded_image1_1750640381.jpg,Chaussures Homme
Baskets Aire Force One,13 000,"location_onDakar, Sénégal",https://images.coinafrique.com/thumb_5361117_uploaded_image1_1749079520.jpg,Chaussures Homme
Baskets Air Force 1,18 000,"location_onDakar, Sénégal",https://images.coinafrique.com/thumb_5361113_uploaded_image1_1749079316.jpg,Chaussures Homme
Original Lavin,25 000,"location_onDakar, Sénégal",https://images.coinafrique.com/thumb_5361109_uploaded_image1_1749079193.jpg,Chaussures Homme
Sandales Dior,17 000,"location_onDakar, Sénégal",https://images.coinafrique.com/thumb_5361106_uploaded_image1_1749079052.jpg,Chaussures Homme
Sandales Berluti,17 000,"location_onDakar, Sénégal",https://images.coinafrique.com/thumb_5361104_uploaded_image1_1749078905.jpg,Chaussures Homme
Sandales homme,25 000,"location_onDakar, Sénégal",https://images.coinafrique.com/thumb_5364541_uploaded_image1_1749327532.jpg,Chaussures Homme
Baskets Nike Kobe 6 Protro,Prix sur demande,"location_onDakar, Sénégal",https://images.coinafrique.com/thumb_5401398_uploaded_image1_1751403395.jpg,Chaussures Homme
Baskets Nike M2K Tecno,Prix sur demande,"location_onDakar, Sénégal",https://images.coinafrique.com/thumb_5401387_uploaded_image1_1751402825.jpg,Chaussures Homme
Baskets Jordan 1 high,Prix sur demande,"location_onDakar, Sénégal",https://images.coinafrique.com/thumb_5401346_uploaded_image1_1751401243.jpg,Chaussures Homme
Chaussures homme,Prix sur demande,"location_onYoff, Dakar, Sénégal",https://images.coinafrique.com/thumb_5401340_uploaded_image1_1751401135.jpg,Chaussures Homme
Baskets Air Force One Suprême,Prix sur demande,"location_onDakar, Sénégal",https://images.coinafrique.com/thumb_5401336_uploaded_image1_1751401037.jpg,Chaussures Homme
Baskets Jordan 4 Fear,Prix sur demande,"location_onDakar, Sénégal",https://images.coinafrique.com/thumb_5401322_uploaded_image1_1751400730.jpg,Chaussures Homme
Sandales Gucci,17 000,"location_onDakar, Sénégal",https://images.coinafrique.com/thumb_5360720_uploaded_image1_1749061990.jpg,Chaussures Homme
Baskets Adidas campus,25 000,"location_onDakar, Sénégal",https://images.coinafrique.com/thumb_5368322_uploaded_image1_1749575502.jpg,Chaussures Homme
Baskets Dior b22,25 000,"location_onDakar, Sénégal",https://images.coinafrique.com/thumb_5368328_uploaded_image1_1749575586.jpg,Chaussures Homme
Baskets Air Max scorpion,30 000,"location_onDakar, Sénégal",https://images.coinafrique.com/thumb_5386909_uploaded_image1_1750612990.jpg,Chaussures Homme
Baskets Air force 1,16 000,"location_onDakar, Sénégal",https://images.coinafrique.com/thumb_5386870_uploaded_image1_1750612086.jpg,Chaussures Homme
Chaussures Berluti,25 000,"location_onOuest Foire, Dakar, Sénégal",https://images.coinafrique.com/thumb_5400882_uploaded_image1_1751384100.jpg,Chaussures Homme
Chaussures homme,25 000,"location_onDakar, Sénégal",https://images.coinafrique.com/thumb_5360036_uploaded_image1_1749037560.jpg,Chaussures Homme
Chaussures homme,27 000,"location_onDakar, Sénégal",https://images.coinafrique.com/thumb_5360018_uploaded_image1_1749037245.jpg,Chaussures Homme
Chaussures Nike,28 000,"location_onDakar, Sénégal",https://images.coinafrique.com/thumb_5367848_uploaded_image1_1749555791.jpg,Chaussures Homme
Chaussures Air Louis vuitton,20 000,"location_onOuest Foire, Dakar, Sénégal",https://images.coinafrique.com/thumb_5400189_uploaded_image1_1751368396.jpg,Chaussures Homme
Chaussures Air Jordan one low,17 000,"location_onDakar, Sénégal",https://images.coinafrique.com/thumb_5376698_uploaded_image1_1750070197.jpg,Chaussures Homme
Chaussures Jordan 4,25 000,"location_onDakar, Sénégal",https://images.coinafrique.com/thumb_5359849_uploaded_image1_1749031529.jpg,Chaussures Homme
Chaussures Nike Vomero,25 000,"location_onParcelle Assainies, Dakar, Sénégal",https://images.coinafrique.com/thumb_5400128_uploaded_image1_1751366626.jpg,Chaussures Homme
Air force 1,17 000,"location_onDakar, Sénégal",https://images.coinafrique.com/thumb_5359697_uploaded_image1_1749024937.jpg,Chaussures Homme
Chaussures hommes,20 000,"location_onColobane, Dakar, Sénégal",https://images.coinafrique.com/thumb_5399786_uploaded_image1_1751350901.jpg,Chaussures Homme
Sandales homme,10 000,"location_onColobane, Dakar, Sénégal",https://images.coinafrique.com/thumb_5399783_uploaded_image1_1751350820.jpg,Chaussures Homme
Chaussures hommes,20 000,"location_onColobane, Dakar, Sénégal",https://images.coinafrique.com/thumb_5399782_uploaded_image1_1751350706.jpg,Chaussures Homme
Chaussures homme,23 000,"location_onColobane, Dakar, Sénégal",https://images.coinafrique.com/thumb_5399778_uploaded_image1_1751350515.jpg,Chaussures Homme
Chaussures hommes,22 000,"location_onDakar, Sénégal",https://images.coinafrique.com/thumb_5399770_uploaded_image1_1751349884.jpg,Chaussures Homme
Chaussures Tommy,22 000,"location_onDakar, Sénégal",https://images.coinafrique.com/thumb_5399767_uploaded_image1_1751349787.jpg,Chaussures Homme
Timberlands homme,25 000,"location_onDakar, Sénégal",https://images.coinafrique.com/thumb_5399763_uploaded_image1_1751349629.jpg,Chaussures Homme
Sandales orthopédique,10 000,"location_onDakar, Sénégal",https://images.coinafrique.com/thumb_5399752_uploaded_image1_1751349132.jpg,Chaussures Homme
Chaussures hommes,23 000,"location_onDakar, Sénégal",https://images.coinafrique.com/thumb_5399749_uploaded_image1_1751348901.jpg,Chaussures Homme
Chaussures New Balance,30 000,"location_onOuest Foire, Dakar, Sénégal",https://images.coinafrique.com/thumb_5399692_uploaded_image1_1751338580.jpg,Chaussures Homme
New Balance Fuel cell,28 000,"location_onDakar, Sénégal",https://images.coinafrique.com/thumb_5381433_uploaded_image1_1750290780.jpg,Chaussures Homme
New Balance Fuel cell,28 000,"location_onDakar, Sénégal",https://images.coinafrique.com/thumb_5381432_uploaded_image1_1750290707.jpg,Chaussures Homme
Sandales Toga,25 000,"location_onDakar, Sénégal",https://images.coinafrique.com/thumb_5381435_uploaded_image1_1750290863.jpg,Chaussures Homme
Baskets Asic Cayono,27 000,"location_onDakar, Sénégal",https://images.coinafrique.com/thumb_5371936_uploaded_image1_1749765298.jpg,Chaussures Homme
Sandales,17 000,"location_onDakar, Sénégal",https://images.coinafrique.com/thumb_5359154_uploaded_image1_1748983277.jpg,Chaussures Homme
Chaussures  Nike portal,25 000,"location_onDakar, Sénégal",https://images.coinafrique.com/thumb_5359143_uploaded_image1_1748982874.jpg,Chaussures Homme
Chaussures Berluti,20 000,"location_onDakar, Sénégal",https://images.coinafrique.com/thumb_5359038_uploaded_image1_1748978250.jpg,Chaussures Homme
Baskets New Balance,25 000,"location_onDakar, Sénégal",https://images.coinafrique.com/thumb_5359006_uploaded_image1_1748976951.jpg,Chaussures Homme
Baskets Nike TN,18 000,"location_onDakar, Sénégal",https://images.coinafrique.com/thumb_5380946_uploaded_image1_1750267531.jpg,Chaussures Homme
Chaussures homme,20 000,"location_onSicap Liberté, Dakar, Sénégal",https://images.coinafrique.com/thumb_5399058_uploaded_image1_1751302512.jpg,Chaussures Homme
Baskets Air Jordan 6,25 000,"location_onDakar, Sénégal",https://images.coinafrique.com/thumb_5366456_uploaded_image1_1749474268.jpg,Chaussures Homme
Chaussures homme,6 500,"location_onSicap Liberté, Dakar, Sénégal",https://images.coinafrique.com/thumb_5361744_uploaded_image1_1749121958.jpg,Chaussures Homme
Mocassins hommes,4 000,"location_onSicap Liberté, Dakar, Sénégal",https://images.coinafrique.com/thumb_5361721_uploaded_image1_1749121349.jpg,Chaussures Homme
Babouches homme,10 000,"location_onDakar, Sénégal",https://images.coinafrique.com/thumb_5355160_uploaded_image1_1748804517.jpg,Chaussures Homme
Chaussures homme,7 000,"location_onDakar, Sénégal",https://images.coinafrique.com/thumb_5355170_uploaded_image1_1748804676.jpg,Chaussures Homme
Chaussures homme,6 000,"location_onYoff, Dakar, Sénégal",https://images.coinafrique.com/thumb_5395482_uploaded_image2_1751059185.jpeg,Chaussures Homme
Mocassins homme,5 500,"location_onYoff, Dakar, Sénégal",https://images.coinafrique.com/thumb_5395412_uploaded_image1_1751054127.jpg,Chaussures Homme
Sandales Hermès,20 000,"location_onSicap Liberté, Dakar, Sénégal",https://images.coinafrique.com/thumb_5393539_uploaded_image1_1750952929.jpg,Chaussures Homme
Chaussures homme,35 000,"location_onOuakam, Dakar, Sénégal",https://images.coinafrique.com/thumb_5391753_uploaded_image1_1750857199.jpg,Chaussures Homme
Chaussures homme,40 000,"location_onColobane, Dakar, Sénégal",https://images.coinafrique.com/thumb_5391598_uploaded_image1_1750852699.jpg,Chaussures Homme
Chaussures homme,7 000,"location_onKeur Massar, Sénégal",https://images.coinafrique.com/thumb_5390760_uploaded_image1_1750804520.jpg,Chaussures Homme
Chaussures homme,100 000,"location_onGrand Dakar, Dakar, Sénégal",https://images.coinafrique.com/thumb_5389229_uploaded_image1_1750732912.jpg,Chaussures Homme
Sandales en cuir,8 000,"location_onDakar Plateau, Dakar, Sénégal",https://images.coinafrique.com/thumb_5388886_uploaded_image1_1750707753.jpg,Chaussures Homme
Chaussures Zara,30 000,"location_onParcelle Assainies, Dakar, Sénégal",https://images.coinafrique.com/thumb_5355405_uploaded_image1_1748811936.jpg,Chaussures Homme
Chaussures Berluti,25 000,"location_onParcelle Assainies, Dakar, Sénégal",https://images.coinafrique.com/thumb_5355402_uploaded_image1_1748811821.jpg,Chaussures Homme
Sandales Hermès pour hommes,25 000,"location_onDakar Plateau, Dakar, Sénégal",https://images.coinafrique.com/thumb_5385859_uploaded_image1_1750532912.jpg,Chaussures Homme
Chaussures  Air force,19 000,"location_onSicap foire, Dakar, Sénégal",https://images.coinafrique.com/thumb_5383496_uploaded_image1_1750413096.jpg,Chaussures Homme
Chaussures homme,30 000,"location_onDakar, Sénégal",https://images.coinafrique.com/thumb_5337086_uploaded_image1_1747753113.jpg,Chaussures Homme
Chaussures homme,Prix sur demande,"location_onDakar, Sénégal",https://images.coinafrique.com/thumb_5380989_uploaded_image1_1750269170.jpg,Chaussures Homme
Sandales croches,17 000,"location_onDakar, Sénégal",https://images.coinafrique.com/thumb_5380985_uploaded_image1_1750269013.jpg,Chaussures Homme
Chaussures femmes,Prix sur demande,"location_onDakar, Sénégal",https://images.coinafrique.com/thumb_5380983_uploaded_image1_1750268930.jpg,Chaussures Homme
Chaussures homme,22 000,"location_onDakar, Sénégal",https://images.coinafrique.com/thumb_5380977_uploaded_image1_1750268827.jpg,Chaussures Homme
Chaussures hommes,23 000,"location_onDakar, Sénégal",https://images.coinafrique.com/thumb_5380973_uploaded_image1_1750268749.jpg,Chaussures Homme
Sandales croches,15 000,"location_onDakar, Sénégal",https://images.coinafrique.com/thumb_5380962_uploaded_image1_1750268329.jpg,Chaussures Homme
Chaussures hommes,22 000,"location_onDakar, Sénégal",https://images.coinafrique.com/thumb_5380959_uploaded_image1_1750268225.jpg,Chaussures Homme
Baskets Jordan Treize,21 000,"location_onDakar, Sénégal",https://images.coinafrique.com/thumb_5379616_uploaded_image1_1750201036.jpg,Chaussures Homme
Chaussures Nike,28 000,"location_onDakar, Sénégal",https://images.coinafrique.com/thumb_5335985_uploaded_image1_1747682655.jpg,Chaussures Homme
Chaussures homme,Prix sur demande,"location_onYoff, Dakar, Sénégal",https://images.coinafrique.com/thumb_5375053_uploaded_image1_1749944221.jpg,Chaussures Homme
Chaussures TN,13 500,"location_onGrand Yoff, Dakar, Sénégal",https://images.coinafrique.com/thumb_5371448_uploaded_image1_1749743120.jpg,Chaussures Homme
Baskets Jordan 4,12 500,"location_onGrand Yoff, Dakar, Sénégal",https://images.coinafrique.com/thumb_5371443_uploaded_image1_1749742989.jpg,Chaussures Homme
Baskets homme,14 000,"location_onParcelle Assainies, Dakar, Sénégal",https://images.coinafrique.com/thumb_5369353_uploaded_image1_1749639708.jpg,Chaussures Homme
Chaussures Vans,20 000,"location_onMermoz-Sacré Coeur, Dakar, Sénégal",https://images.coinafrique.com/thumb_5332230_uploaded_image1_1747444488.jpg,Chaussures Homme
Chaussure homme,Prix sur demande,"location_onYoff, Dakar, Sénégal",https://images.coinafrique.com/thumb_5368229_uploaded_image1_1749571634.jpg,Chaussures Homme
Chaussures Samba,25 000,"location_onParcelle Assainies, Dakar, Sénégal",https://images.coinafrique.com/thumb_5367274_uploaded_image1_1749513863.jpg,Chaussures Homme
Chaussures original,15 000,"location_onDakar Plateau, Dakar, Sénégal",https://images.coinafrique.com/thumb_5344646_uploaded_image1_1748182098.jpg,Chaussures Homme
Chaussures homme,10 000,"location_onDakar Plateau, Dakar, Sénégal",https://images.coinafrique.com/thumb_5332090_uploaded_image1_1747434845.jpg,Chaussures Homme
Chaussures homme,Prix sur demande,"location_onDakar Plateau, Dakar, Sénégal",https://images.coinafrique.com/thumb_5332091_uploaded_image1_1747434908.jpg,Chaussures Homme
Chaussures homme,16 000,"location_onDakar, Sénégal",https://images.coinafrique.com/thumb_5351571_uploaded_image1_1748560945.jpg,Chaussures Homme
Chaussures homme,Prix sur demande,"location_onDakar Plateau, Dakar, Sénégal",https://images.coinafrique.com/thumb_5341256_uploaded_image1_1747953772.jpg,Chaussures Homme
Chaussures homme,Prix sur demande,"location_onDakar Plateau, Dakar, Sénégal",https://images.coinafrique.com/thumb_5341258_uploaded_image1_1747953837.jpg,Chaussures Homme
Babouche hommes,10 000,"location_onDakar, Sénégal",https://images.coinafrique.com/thumb_5351566_uploaded_image1_1748560780.jpg,Chaussures Homme
Chaussures homme,13 000,"location_onDakar, Sénégal",https://images.coinafrique.com/thumb_5351559_uploaded_image1_1748560482.jpg,Chaussures Homme
Chaussures homme,25 000,"location_onDakar, Sénégal",https://images.coinafrique.com/thumb_5351558_uploaded_image1_1748560435.jpg,Chaussures Homme
Chaussures homme,16 000,"location_onDakar, Sénégal",https://images.coinafrique.com/thumb_5351557_uploaded_image1_1748560355.jpg,Chaussures Homme
Chaussures homme,18 000,"location_onDakar Plateau, Dakar, Sénégal",https://images.coinafrique.com/thumb_5341252_uploaded_image1_1747953598.jpg,Chaussures Homme
Chaussures homme,Prix sur demande,"location_onDakar, Sénégal",https://images.coinafrique.com/thumb_5357454_uploaded_image1_1748906110.jpg,Chaussures Homme
Chaussures homme,20 000,"location_onDakar, Sénégal",https://images.coinafrique.com/thumb_5357431_uploaded_image1_1748905422.jpg,Chaussures Homme
Chaussures homme,13 000,"location_onDakar, Sénégal",https://images.coinafrique.com/thumb_5357425_uploaded_image1_1748905162.jpg,Chaussures Homme
Chaussures homme,16 000,"location_onDakar, Sénégal",https://images.coinafrique.com/thumb_5357418_uploaded_image1_1748904948.jpg,Chaussures Homme
Chaussures homme,18 000,"location_onDakar, Sénégal",https://images.coinafrique.com/thumb_5357416_uploaded_image1_1748904881.jpg,Chaussures Homme
Chaussures homme,13 000,"location_onDakar, Sénégal",https://images.coinafrique.com/thumb_5362529_uploaded_image1_1749164594.jpg,Chaussures Homme
Chaussures homme,16 000,"location_onDakar, Sénégal",https://images.coinafrique.com/thumb_5362520_uploaded_image1_1749164124.jpg,Chaussures Homme
Chaussures homme,16 000,"location_onDakar, Sénégal",https://images.coinafrique.com/thumb_5362514_uploaded_image1_1749163692.jpg,Chaussures Homme
Chaussures homme,Prix sur demande,"location_onDakar, Sénégal",https://images.coinafrique.com/thumb_5355476_uploaded_image1_1748815189.jpg,Chaussures Homme
Chaussures homme,Prix sur demande,"location_onDakar, Sénégal",https://images.coinafrique.com/thumb_5355462_uploaded_image1_1748814534.jpg,Chaussures Homme
Chaussures homme,Prix sur demande,"location_onDakar, Sénégal",https://images.coinafrique.com/thumb_5355453_uploaded_image1_1748814029.jpg,Chaussures Homme
Chaussures homme,10 000,"location_onDakar Plateau, Dakar, Sénégal",https://images.coinafrique.com/thumb_5342583_uploaded_image1_1748031990.jpg,Chaussures Homme
Chaussures homme,18 000,"location_onDakar Plateau, Dakar, Sénégal",https://images.coinafrique.com/thumb_5342587_uploaded_image1_1748032191.jpg,Chaussures Homme
Baskets Vans Knu Skool,25 000,"location_onParcelle Assainies, Dakar, Sénégal",https://images.coinafrique.com/thumb_5365742_uploaded_image1_1749418905.jpg,Chaussures Homme
Chaussures cuir,20 000,"location_onDakar Plateau, Dakar, Sénégal",https://images.coinafrique.com/thumb_5330113_uploaded_image1_1747337081.jpg,Chaussures Homme
Chaussures homme,Prix sur demande,"location_onDakar, Sénégal",https://images.coinafrique.com/thumb_5348410_uploaded_image1_1748373021.jpg,Chaussures Homme
Chaussures homme,9 500,"location_onAlmadies 2, Dakar, Sénégal",https://images.coinafrique.com/thumb_5365566_uploaded_image1_1749410561.jpg,Chaussures Homme
Chaussures homme,13 000,"location_onDakar Plateau, Dakar, Sénégal",https://images.coinafrique.com/thumb_5329841_uploaded_image1_1747328617.jpg,Chaussures Homme
Chaussures homme,25 000,"location_onDakar, Sénégal",https://images.coinafrique.com/thumb_5352616_uploaded_image1_1748628699.jpg,Chaussures Homme
Babouche hommes,10 000,"location_onDakar, Sénégal",https://images.coinafrique.com/thumb_5352617_uploaded_image1_1748628750.jpg,Chaussures Homme
Chaussures homme,16 000,"location_onDakar Plateau, Dakar, Sénégal",https://images.coinafrique.com/thumb_5329838_uploaded_image1_1747328563.jpg,Chaussures Homme
Chaussures homme,16 000,"location_onDakar, Sénégal",https://images.coinafrique.com/thumb_5352618_uploaded_image1_1748628798.jpg,Chaussures Homme
Chaussures homme,20 000,"location_onDakar, Sénégal",https://images.coinafrique.com/thumb_5352608_uploaded_image1_1748628558.jpg,Chaussures Homme
Chaussures homme,16 000,"location_onDakar, Sénégal",https://images.coinafrique.com/thumb_5352612_uploaded_image1_1748628640.jpg,Chaussures Homme
Chaussures homme,18 000,"location_onDakar Plateau, Dakar, Sénégal",https://images.coinafrique.com/thumb_5339072_uploaded_image1_1747848346.jpg,Chaussures Homme
Chaussures homme,20 000,"location_onDakar Plateau, Dakar, Sénégal",https://images.coinafrique.com/thumb_5339056_uploaded_image1_1747847898.jpg,Chaussures Homme
Babouche hommes,10 000,"location_onDakar, Sénégal",https://images.coinafrique.com/thumb_5352597_uploaded_image1_1748628223.jpg,Chaussures Homme
Chaussures homme,20 000,"location_onDakar, Sénégal",https://images.coinafrique.com/thumb_5352594_uploaded_image1_1748628110.jpg,Chaussures Homme
Chaussures homme,20 000,"location_onDakar, Sénégal",https://images.coinafrique.com/thumb_5352599_uploaded_image1_1748628301.jpg,Chaussures Homme
Chaussures homme,16 000,"location_onDakar Plateau, Dakar, Sénégal",https://images.coinafrique.com/thumb_5339050_uploaded_image1_1747847679.jpg,Chaussures Homme
Chaussures homme,25 000,"location_onDakar, Sénégal",https://images.coinafrique.com/thumb_5352585_uploaded_image1_1748627915.jpg,Chaussures Homme
Chaussures homme,13 000,"location_onDakar Plateau, Dakar, Sénégal",https://images.coinafrique.com/thumb_5344859_uploaded_image1_1748194369.jpg,Chaussures Homme
Chaussures homme,18 000,"location_onDakar Plateau, Dakar, Sénégal",https://images.coinafrique.com/thumb_5339043_uploaded_image1_1747847564.jpg,Chaussures Homme
Chaussures homme,30 000,"location_onDakar, Sénégal",https://images.coinafrique.com/thumb_5352582_uploaded_image1_1748627619.jpg,Chaussures Homme
Chaussures homme,20 000,"location_onDakar, Sénégal",https://images.coinafrique.com/thumb_5352579_uploaded_image1_1748627471.jpg,Chaussures Homme
Chaussures homme,18 000,"location_onDakar Plateau, Dakar, Sénégal",https://images.coinafrique.com/thumb_5344847_uploaded_image1_1748194098.jpg,Chaussures Homme
Chaussures homme,13 000,"location_onDakar Plateau, Dakar, Sénégal",https://images.coinafrique.com/thumb_5344836_uploaded_image1_1748193643.jpg,Chaussures Homme
Chaussures homme,18 000,"location_onDakar Plateau, Dakar, Sénégal",https://images.coinafrique.com/thumb_5326084_uploaded_image1_1747152804.jpg,Chaussures Homme
Chaussures  homme,18 000,"location_onDakar Plateau, Dakar, Sénégal",https://images.coinafrique.com/thumb_5326073_uploaded_image1_1747152250.jpg,Chaussures Homme
Chaussures homme,18 000,"location_onDakar Plateau, Dakar, Sénégal",https://images.coinafrique.com/thumb_5326060_uploaded_image1_1747151959.jpg,Chaussures Homme
Chaussures homme,16 000,"location_onDakar Plateau, Dakar, Sénégal",https://images.coinafrique.com/thumb_5326065_uploaded_image1_1747152038.jpg,Chaussures Homme
Chaussures homme,20 000,"location_onDakar Plateau, Dakar, Sénégal",https://images.coinafrique.com/thumb_5335718_uploaded_image1_1747671521.jpg,Chaussures Homme
Chaussures homme,Prix sur demande,"location_onDakar, Sénégal",https://images.coinafrique.com/thumb_5358876_uploaded_image1_1748971049.jpg,Chaussures Homme
Chaussures homme,Prix sur demande,"location_onDakar Plateau, Dakar, Sénégal",https://images.coinafrique.com/thumb_5320664_uploaded_image1_1746830837.jpg,Chaussures Homme
Chaussures homme,15 000,"location_onDakar Plateau, Dakar, Sénégal",https://images.coinafrique.com/thumb_5320634_uploaded_image1_1746829909.jpg,Chaussures Homme
Chaussures homme,13 000,"location_onDakar Plateau, Dakar, Sénégal",https://images.coinafrique.com/thumb_5320656_uploaded_image1_1746830707.jpg,Chaussures Homme
Chaussures homme,16 000,"location_onDakar Plateau, Dakar, Sénégal",https://images.coinafrique.com/thumb_5320628_uploaded_image1_1746829675.jpg,Chaussures Homme
Chaussures homme,Prix sur demande,"location_onOuest Foire, Dakar, Sénégal",https://images.coinafrique.com/thumb_5364177_uploaded_image1_1749301086.jpg,Chaussures Homme
Chaussures homme,Prix sur demande,"location_onDakar Plateau, Dakar, Sénégal",https://images.coinafrique.com/thumb_5318675_uploaded_image1_1746735235.jpg,Chaussures Homme
Sandales orthopédique,17 000,"location_onMermoz-Sacré Coeur, Dakar, Sénégal",https://images.coinafrique.com/thumb_5318493_uploaded_image1_1746728698.jpg,Chaussures Homme
Sandales homme,20 000,"location_onCambérène, Dakar, Sénégal",https://images.coinafrique.com/thumb_5362991_uploaded_image1_1749211384.jpg,Chaussures Homme
Baskets Nike JA 1,20 000,"location_onGuediawaye, Dakar, Sénégal",https://images.coinafrique.com/thumb_5362506_uploaded_image1_1749163263.jpg,Chaussures Homme
Chaussures Wallabess,16 000,"location_onDakar Plateau, Dakar, Sénégal",https://images.coinafrique.com/thumb_5314916_uploaded_image1_1746554149.jpg,Chaussures Homme
Chaussures homme,16 000,"location_onDakar Plateau, Dakar, Sénégal",https://images.coinafrique.com/thumb_5314910_uploaded_image1_1746554047.jpg,Chaussures Homme
Chaussures homme,13 000,"location_onDakar Plateau, Dakar, Sénégal",https://images.coinafrique.com/thumb_5314898_uploaded_image1_1746553752.jpg,Chaussures Homme
Babouche / bonnet,15 000,"location_onDieuppeul-Derklé, Dakar, Sénégal",https://images.coinafrique.com/thumb_5360403_uploaded_image1_1749049684.jpg,Chaussures Homme
Chaussures homme,7 000,"location_onDakar, Sénégal",https://images.coinafrique.com/thumb_5360164_uploaded_image1_1749041699.jpg,Chaussures Homme
Chaussures homme,Prix sur demande,"location_onYoff, Dakar, Sénégal",https://images.coinafrique.com/thumb_5360111_uploaded_image1_1749039993.jpg,Chaussures Homme
Sandales homme,Prix sur demande,"location_onYoff, Dakar, Sénégal",https://images.coinafrique.com/thumb_5360021_uploaded_image1_1749037309.jpg,Chaussures Homme
Chaussures Unisexe,14 500,"location_onDakar, Sénégal",https://images.coinafrique.com/thumb_5359386_uploaded_image1_1748994671.jpg,Chaussures Homme
Baskets Aire Force One,14 500,"location_onDakar, Sénégal",https://images.coinafrique.com/thumb_5359383_uploaded_image1_1748994555.jpg,Chaussures Homme
Chaussures homme,13 000,"location_onDakar Plateau, Dakar, Sénégal",https://images.coinafrique.com/thumb_5313318_uploaded_image1_1746471196.jpg,Chaussures Homme
Sabot orthopédique,12 000,"location_onMermoz-Sacré Coeur, Dakar, Sénégal",https://images.coinafrique.com/thumb_5313152_uploaded_image1_1746464722.jpg,Chaussures Homme
Sandales orthopédique,10 000,"location_onMermoz-Sacré Coeur, Dakar, Sénégal",https://images.coinafrique.com/thumb_5313151_uploaded_image1_1746464604.jpg,Chaussures Homme
Chaussures homme en cuir,15 000,"location_onDakar, Sénégal",https://images.coinafrique.com/thumb_5359026_uploaded_image1_1748977576.jpg,Chaussures Homme
Chaussures en cuir,15 000,"location_onDakar, Sénégal",https://images.coinafrique.com/thumb_5359022_uploaded_image1_1748977431.jpg,Chaussures Homme
Chaussures homme,9 000,"location_onDakar, Sénégal",https://images.coinafrique.com/thumb_5359020_uploaded_image1_1748977345.jpg,Chaussures Homme
Chaussures Hermes,14 000,"location_onDakar, Sénégal",https://images.coinafrique.com/thumb_5359016_uploaded_image1_1748977243.jpg,Chaussures Homme
Chaussures homme,Prix sur demande,"location_onYoff, Dakar, Sénégal",https://images.coinafrique.com/thumb_5358670_uploaded_image1_1748962573.jpg,Chaussures Homme
Chaussures hommes,14 000,"location_onDiamalaye 1, Dakar, Sénégal",https://images.coinafrique.com/thumb_5358423_uploaded_image1_1748954041.jpg,Chaussures Homme
Chaussures Tommy,15 000,"location_onDiamalaye 1, Dakar, Sénégal",https://images.coinafrique.com/thumb_5358420_uploaded_image1_1748953921.jpg,Chaussures Homme
Chaussures en cuir,20 000,"location_onColobane, Dakar, Sénégal",https://images.coinafrique.com/thumb_5358106_uploaded_image1_1748946350.jpg,Chaussures Homme
Chaussures homme,15 000,"location_onDiamalaye 1, Dakar, Sénégal",https://images.coinafrique.com/thumb_5357608_uploaded_image1_1748916267.jpg,Chaussures Homme
Chaussures homme,8 500,"location_onDiamalaye 1, Dakar, Sénégal",https://images.coinafrique.com/thumb_5357607_uploaded_image1_1748916131.jpg,Chaussures Homme
Chaussures homme,15 000,"location_onDiamalaye 1, Dakar, Sénégal",https://images.coinafrique.com/thumb_5356684_uploaded_image1_1748876788.jpg,Chaussures Homme
Chaussures Nike,20 000,"location_onColobane, Dakar, Sénégal",https://images.coinafrique.com/thumb_5355703_uploaded_image1_1748827191.jpg,Chaussures Homme
Chaussures homme,13 000,"location_onDakar Plateau, Dakar, Sénégal",https://images.coinafrique.com/thumb_5310619_uploaded_image1_1746312980.jpg,Chaussures Homme
Chaussures Nike,30 000,"location_onColobane, Dakar, Sénégal",https://images.coinafrique.com/thumb_5355700_uploaded_image1_1748826892.jpg,Chaussures Homme
Chaussures homme,25 000,"location_onDakar Plateau, Dakar, Sénégal",https://images.coinafrique.com/thumb_5310609_uploaded_image1_1746312679.jpg,Chaussures Homme
Chaussures homme,25 000,"location_onDakar Plateau, Dakar, Sénégal",https://images.coinafrique.com/thumb_5310593_uploaded_image1_1746312078.jpg,Chaussures Homme
Chaussures en cuirs pour homme,20 000,"location_onKeur Massar, Sénégal",https://images.coinafrique.com/thumb_5353808_uploaded_image1_1748715471.jpg,Chaussures Homme
Chaussures homme,16 000,"location_onDakar Plateau, Dakar, Sénégal",https://images.coinafrique.com/thumb_5307447_uploaded_image1_1746143406.jpg,Chaussures Homme
Chaussures homme,13 000,"location_onDakar Plateau, Dakar, Sénégal",https://images.coinafrique.com/thumb_5307448_uploaded_image1_1746143468.jpg,Chaussures Homme
Chaussures homme,16 000,"location_onDakar Plateau, Dakar, Sénégal",https://images.coinafrique.com/thumb_5307453_uploaded_image1_1746143663.jpg,Chaussures Homme
Chaussures homme,18 000,"location_onDakar Plateau, Dakar, Sénégal",https://images.coinafrique.com/thumb_5307445_uploaded_image1_1746143357.jpg,Chaussures Homme
Mocassins homme,Prix sur demande,"location_onRufisque, Sénégal",https://images.coinafrique.com/thumb_5353018_uploaded_image1_1748653483.jpg,Chaussures Homme
Chaussures homme,20 000,"location_onRufisque, Sénégal",https://images.coinafrique.com/thumb_5353013_uploaded_image1_1748652906.jpg,Chaussures Homme
Chaussures homme,22 000,"location_onColobane, Dakar, Sénégal",https://images.coinafrique.com/thumb_5351719_uploaded_image1_1748579858.jpg,Chaussures Homme
Tapettes homme,20 000,"location_onColobane, Dakar, Sénégal",https://images.coinafrique.com/thumb_5351718_uploaded_image2_1748579763.jpeg,Chaussures Homme
Chaussures homme,Prix sur demande,"location_onDakar Plateau, Dakar, Sénégal",https://images.coinafrique.com/thumb_5305851_uploaded_image1_1746060014.jpg,Chaussures Homme
Chaussures Crocs,5 500,"location_onDakar, Sénégal",https://images.coinafrique.com/thumb_5351470_uploaded_image1_1748554783.jpg,Chaussures Homme
Chaussures Timberland Berluti,16 000,"location_onColobane, Dakar, Sénégal",https://images.coinafrique.com/thumb_5350414_uploaded_image1_1748484037.jpg,Chaussures Homme
Baskets NB9050,23 000,"location_onColobane, Dakar, Sénégal",https://images.coinafrique.com/thumb_5350412_uploaded_image1_1748483937.jpg,Chaussures Homme
Baskets NB1906,23 000,"location_onColobane, Dakar, Sénégal",https://images.coinafrique.com/thumb_5350411_uploaded_image1_1748483850.jpg,Chaussures Homme
Chaussures unisexe,14 500,"location_onDakar, Sénégal",https://images.coinafrique.com/thumb_5350017_uploaded_image1_1748459077.jpg,Chaussures Homme
Chaussures unisexe,14 500,"location_onDakar, Sénégal",https://images.coinafrique.com/thumb_5349939_uploaded_image1_1748454104.jpg,Chaussures Homme
Babouches,Prix sur demande,"location_onYoff, Dakar, Sénégal",https://images.coinafrique.com/thumb_5349918_uploaded_image1_1748452087.jpg,Chaussures Homme
Chaussures hommes,14 500,"location_onDakar, Sénégal",https://images.coinafrique.com/thumb_5349774_uploaded_image1_1748446268.jpg,Chaussures Homme
Chaussures homme,20 000,"location_onDakar Plateau, Dakar, Sénégal",https://images.coinafrique.com/thumb_5348358_uploaded_image1_1748370711.jpg,Chaussures Homme
Chaussures  homme,18 000,"location_onDakar Plateau, Dakar, Sénégal",https://images.coinafrique.com/thumb_5348355_uploaded_image1_1748370436.jpg,Chaussures Homme
Sandales homme,14 000,"location_onGrand Yoff, Dakar, Sénégal",https://images.coinafrique.com/thumb_5348109_uploaded_image1_1748359717.jpg,Chaussures Homme
Sandales homme,14 000,"location_onGrand Yoff, Dakar, Sénégal",https://images.coinafrique.com/thumb_5348095_uploaded_image1_1748359287.jpg,Chaussures Homme
Chaussures homme,16 000,"location_onGrand Yoff, Dakar, Sénégal",https://images.coinafrique.com/thumb_5348083_uploaded_image1_1748359073.jpg,Chaussures Homme
Chaussures de course,25 000,"location_onDakar, Sénégal",https://images.coinafrique.com/thumb_5347629_uploaded_image1_1748342137.jpg,Chaussures Homme
Chaussures,22 000,"location_onDakar, Sénégal",https://images.coinafrique.com/thumb_5346815_uploaded_image1_1748284555.jpg,Chaussures Homme
Chaussures homme,22 000,"location_onColobane, Dakar, Sénégal",https://images.coinafrique.com/thumb_5346444_uploaded_image1_1748273049.jpg,Chaussures Homme
Chaussures homme,Prix sur demande,"location_onYoff, Dakar, Sénégal",https://images.coinafrique.com/thumb_5346342_uploaded_image1_1748270169.jpg,Chaussures Homme
Stan  Smith,13 000,"location_onDakar Plateau, Dakar, Sénégal",https://images.coinafrique.com/thumb_5299470_uploaded_image1_1745669343.jpg,Chaussures Homme
Chaussures original,8 000,"location_onDakar Plateau, Dakar, Sénégal",https://images.coinafrique.com/thumb_5299450_uploaded_image1_1745668750.jpg,Chaussures Homme
Chaussures Balenciaga,13 000,"location_onSicap Liberté, Dakar, Sénégal",https://images.coinafrique.com/thumb_5343633_uploaded_image1_1748099218.jpg,Chaussures Homme
Chaussures homme,15 000,"location_onDakar, Sénégal",https://images.coinafrique.com/thumb_5343503_uploaded_image1_1748092307.jpg,Chaussures Homme
Chaussures homme,13 000,"location_onDiamalaye 1, Dakar, Sénégal",https://images.coinafrique.com/thumb_5343375_uploaded_image1_1748086204.jpg,Chaussures Homme
Chaussures homme,15 000,"location_onDakar Plateau, Dakar, Sénégal",https://images.coinafrique.com/thumb_5293535_uploaded_image1_1745362191.jpg,Chaussures Homme
Chaussures homme,18 000,"location_onDakar Plateau, Dakar, Sénégal",https://images.coinafrique.com/thumb_5293048_uploaded_image1_1745339518.jpg,Chaussures Homme
Chaussures Nike,20 000,"location_onDakar Plateau, Dakar, Sénégal",https://images.coinafrique.com/thumb_5293050_uploaded_image1_1745339558.jpg,Chaussures Homme
Chaussures homme,18 000,"location_onDakar Plateau, Dakar, Sénégal",https://images.coinafrique.com/thumb_5291969_uploaded_image1_1745276331.jpg,Chaussures Homme
Chaussures homme,20 000,"location_onDakar Plateau, Dakar, Sénégal",https://images.coinafrique.com/thumb_5291981_uploaded_image1_1745276752.jpg,Chaussures Homme
Chaussures Stan Smith,13 000,"location_onDakar Plateau, Dakar, Sénégal",https://images.coinafrique.com/thumb_5291976_uploaded_image1_1745276541.jpg,Chaussures Homme
Chaussures homme,25 000,"location_onDakar Plateau, Dakar, Sénégal",https://images.coinafrique.com/thumb_5291978_uploaded_image1_1745276625.jpg,Chaussures Homme
Chaussures homme,Prix sur demande,"location_onYoff, Dakar, Sénégal",https://images.coinafrique.com/thumb_5337426_uploaded_image1_1747766507.jpg,Chaussures Homme
Chaussures homme,Prix sur demande,"location_onYoff, Dakar, Sénégal",https://images.coinafrique.com/thumb_5337421_uploaded_image1_1747766439.jpg,Chaussures Homme
Chaussures homme,Prix sur demande,"location_onDakar, Sénégal",https://images.coinafrique.com/thumb_5336781_uploaded_image1_1747739999.jpg,Chaussures Homme
Chaussure Timberland,20 000,"location_onPatte d'oie, Dakar, Sénégal",https://images.coinafrique.com/thumb_5335978_uploaded_image1_1747682457.jpg,Chaussures Homme
Sneakers Timberland,20 000,"location_onPatte d'oie, Dakar, Sénégal",https://images.coinafrique.com/thumb_5335950_uploaded_image1_1747681246.jpg,Chaussures Homme
Timberlands homme,30 000,"location_onGrand Yoff, Dakar, Sénégal",https://images.coinafrique.com/thumb_5334044_uploaded_image1_1747578967.jpg,Chaussures Homme
Chaussures homme,25 000,"location_onDakar, Sénégal",https://images.coinafrique.com/thumb_5333899_uploaded_image1_1747569426.jpg,Chaussures Homme
Chaussures homme,12 000,"location_onDakar Plateau, Dakar, Sénégal",https://images.coinafrique.com/thumb_5288623_uploaded_image1_1745018712.jpg,Chaussures Homme
Chaussures Nike,15 000,"location_onDakar, Sénégal",https://images.coinafrique.com/thumb_5332891_uploaded_image1_1747492369.jpg,Chaussures Homme
Sandales,7 000,"location_onDakar, Sénégal",https://images.coinafrique.com/thumb_5332884_uploaded_image1_1747492109.jpg,Chaussures Homme
Sandales,8 000,"location_onDakar, Sénégal",https://images.coinafrique.com/thumb_5332880_uploaded_image1_1747491983.jpg,Chaussures Homme
Chaussures homme,15 000,"location_onDakar Plateau, Dakar, Sénégal",https://images.coinafrique.com/thumb_5332114_uploaded_image1_1747436179.jpg,Chaussures Homme
Sandales Hermès,25 000,"location_onOuest Foire, Dakar, Sénégal",https://images.coinafrique.com/thumb_5329885_uploaded_image2_1747329825.jpeg,Chaussures Homme
Chaussures homme,18 000,"location_onDakar Plateau, Dakar, Sénégal",https://images.coinafrique.com/thumb_5283172_uploaded_image1_1744733542.jpg,Chaussures Homme
Chaussures homme,25 000,"location_onDakar Plateau, Dakar, Sénégal",https://images.coinafrique.com/thumb_5283140_uploaded_image1_1744733006.jpg,Chaussures Homme
Chaussures homme,12 000,"location_onDakar Plateau, Dakar, Sénégal",https://images.coinafrique.com/thumb_5283144_uploaded_image1_1744733046.jpg,Chaussures Homme
Sandales orthopédique,20 000,"location_onDakar Plateau, Dakar, Sénégal",https://images.coinafrique.com/thumb_5327825_uploaded_image1_1747239241.jpg,Chaussures Homme
Chaussures homme,Prix sur demande,"location_onDakar, Sénégal",https://images.coinafrique.com/thumb_5327297_uploaded_image1_1747222943.jpg,Chaussures Homme
Baskets homme,13 000,"location_onGrand Yoff, Dakar, Sénégal",https://images.coinafrique.com/thumb_5325840_uploaded_image1_1747144273.jpg,Chaussures Homme
Baskets homme,12 000,"location_onGrand Yoff, Dakar, Sénégal",https://images.coinafrique.com/thumb_5325834_uploaded_image1_1747144150.jpg,Chaussures Homme
Chaussures Adidas Crazy fast,25 000,"location_onColobane, Dakar, Sénégal",https://images.coinafrique.com/thumb_5325818_uploaded_image1_1747143461.jpg,Chaussures Homme
Claquettes homme,25 000,"location_onDakar, Sénégal",https://images.coinafrique.com/thumb_5325411_uploaded_image1_1747130286.jpg,Chaussures Homme
Chaussures homme,8 000,"location_onSicap Liberté, Dakar, Sénégal",https://images.coinafrique.com/thumb_5325029_uploaded_image1_1747102173.jpg,Chaussures Homme
Chaussures homme,25 000,"location_onColobane, Dakar, Sénégal",https://images.coinafrique.com/thumb_5325002_uploaded_image1_1747098450.jpg,Chaussures Homme
Baskets New Balance 530,20 000,"location_onColobane, Dakar, Sénégal",https://images.coinafrique.com/thumb_5324993_uploaded_image1_1747097377.jpg,Chaussures Homme
Chaussures homme,20 000,"location_onColobane, Dakar, Sénégal",https://images.coinafrique.com/thumb_5324986_uploaded_image1_1747096835.jpg,Chaussures Homme
Sandales homme,13 000,"location_onDakar, Sénégal",https://images.coinafrique.com/thumb_5324106_uploaded_image1_1747061124.jpg,Chaussures Homme
Mocassins homme,22 000,"location_onDakar Plateau, Dakar, Sénégal",https://images.coinafrique.com/thumb_5323165_uploaded_image1_1747019646.jpg,Chaussures Homme
Mocassins homme,20 000,"location_onDakar, Sénégal",https://images.coinafrique.com/thumb_5323164_uploaded_image1_1747019335.jpg,Chaussures Homme
Chaussures Acsics,25 000,"location_onDakar, Sénégal",https://images.coinafrique.com/thumb_5323162_uploaded_image1_1747019209.jpg,Chaussures Homme
Chaussures Adidas samba,23 000,"location_onDakar, Sénégal",https://images.coinafrique.com/thumb_5323160_uploaded_image1_1747019119.jpg,Chaussures Homme
Chaussures Adidas yezzy 350,25 000,"location_onDakar, Sénégal",https://images.coinafrique.com/thumb_5323158_uploaded_image1_1747019052.jpg,Chaussures Homme
Chaussures hommes,2 000,"location_onDakar, Sénégal",https://images.coinafrique.com/thumb_5323156_uploaded_image1_1747018952.jpg,Chaussures Homme
Chaussures Adidas samba,25 000,"location_onDakar Plateau, Dakar, Sénégal",https://images.coinafrique.com/thumb_5323153_uploaded_image1_1747018079.jpg,Chaussures Homme
Chaussures  Wallabecs,12 000,"location_onDiamalaye 1, Dakar, Sénégal",https://images.coinafrique.com/thumb_5322852_uploaded_image1_1746995950.jpg,Chaussures Homme
Chaussures homme,6 000,"location_onMedina, Dakar, Sénégal",https://images.coinafrique.com/thumb_5322219_uploaded_image1_1746951241.jpg,Chaussures Homme
Chaussures homme,13 000,"location_onDakar Plateau, Dakar, Sénégal",https://images.coinafrique.com/thumb_5277889_uploaded_image1_1744406252.jpg,Chaussures Homme
Chaussures homme,Prix sur demande,"location_onDakar Plateau, Dakar, Sénégal",https://images.coinafrique.com/thumb_5276114_uploaded_image1_1744312833.jpg,Chaussures Homme
Chaussures homme,18 000,"location_onDakar Plateau, Dakar, Sénégal",https://images.coinafrique.com/thumb_5276102_uploaded_image1_1744312485.jpg,Chaussures Homme
Sandales orthopédiques,10 000,"location_onSacré-Coeur, Dakar, Sénégal",https://images.coinafrique.com/thumb_5318525_uploaded_image1_1746729827.jpg,Chaussures Homme
Chaussures Timberland,13 500,"location_onDiamalaye 1, Dakar, Sénégal",https://images.coinafrique.com/thumb_5317599_uploaded_image1_1746704381.jpg,Chaussures Homme
Baskets New Balence 530,12 000,"location_onOuakam, Dakar, Sénégal",https://images.coinafrique.com/thumb_5316539_uploaded_image1_1746639353.jpg,Chaussures Homme
Chaussures homme,25 000,"location_onDakar, Sénégal",https://images.coinafrique.com/thumb_5316340_uploaded_image1_1746631677.jpg,Chaussures Homme
Chaussures homme,10 000,"location_onMermoz-Sacré Coeur, Dakar, Sénégal",https://images.coinafrique.com/thumb_5316095_uploaded_image1_1746622601.jpg,Chaussures Homme
Berluti shadow,52 999,"location_onAlmadies, Dakar, Sénégal",https://images.coinafrique.com/thumb_5277969_uploaded_image1_1744410720.jpg,Chaussures Homme
Mocassins homme,13 000,"location_onDiamalaye 1, Dakar, Sénégal",https://images.coinafrique.com/thumb_5314681_uploaded_image1_1746544988.jpg,Chaussures Homme
Chaussures homme,13 000,"location_onColobane, Dakar, Sénégal",https://images.coinafrique.com/thumb_5312252_uploaded_image1_1746435076.jpg,Chaussures Homme
Chaussures homme,25 000,"location_onColobane, Dakar, Sénégal",https://images.coinafrique.com/thumb_5311673_uploaded_image1_1746390255.jpg,Chaussures Homme
Chaussures homme,30 000,"location_onColobane, Dakar, Sénégal",https://images.coinafrique.com/thumb_5311670_uploaded_image1_1746390060.jpg,Chaussures Homme
Chaussures Dior B22,15 000,"location_onSacré-Coeur, Dakar, Sénégal",https://images.coinafrique.com/thumb_5311319_uploaded_image1_1746374323.jpg,Chaussures Homme
Chaussures Nike sd dunk,20 000,"location_onParcelle Assainies, Dakar, Sénégal",https://images.coinafrique.com/thumb_5309861_uploaded_image1_1746273767.jpg,Chaussures Homme
Chaussures homme,25 000,"location_onParcelle Assainies, Dakar, Sénégal",https://images.coinafrique.com/thumb_5309671_uploaded_image1_1746266657.jpg,Chaussures Homme
Chaussures Timberland,50 000,"location_onGrand Dakar, Dakar, Sénégal",https://images.coinafrique.com/thumb_5308712_uploaded_image1_1746208453.jpg,Chaussures Homme
Sneakers Dior B30 2025,45 000,"location_onGrand Dakar, Dakar, Sénégal",https://images.coinafrique.com/thumb_5308703_uploaded_image1_1746208224.jpg,Chaussures Homme
Chaussures homme,20 000,"location_onParcelle Assainies, Dakar, Sénégal",https://images.coinafrique.com/thumb_5308057_uploaded_image1_1746182805.jpg,Chaussures Homme
Chaussures homme,20 000,"location_onParcelle Assainies, Dakar, Sénégal",https://images.coinafrique.com/thumb_5308052_uploaded_image1_1746182715.jpg,Chaussures Homme
Chaussures Nike Air max t,25 000,"location_onParcelle Assainies, Dakar, Sénégal",https://images.coinafrique.com/thumb_5306359_uploaded_image1_1746095228.jpg,Chaussures Homme
Chaussures homme,20 000,"location_onParcelle Assainies, Dakar, Sénégal",https://images.coinafrique.com/thumb_5305189_uploaded_image1_1746025155.jpg,Chaussures Homme
Sandales homme,15 000,"location_onParcelle Assainies, Dakar, Sénégal",https://images.coinafrique.com/thumb_5305185_uploaded_image1_1746025051.jpg,Chaussures Homme
Chaussures homme,25 000,"location_onParcelle Assainies, Dakar, Sénégal",https://images.coinafrique.com/thumb_5305182_uploaded_image1_1746024954.jpg,Chaussures Homme
Chaussures Berluti,25 000,"location_onParcelle Assainies, Dakar, Sénégal",https://images.coinafrique.com/thumb_5303503_uploaded_image1_1745934080.jpg,Chaussures Homme
Chaussures homme,30 000,"location_onGuediawaye, Dakar, Sénégal",https://images.coinafrique.com/thumb_5300459_uploaded_image1_1745752520.jpg,Chaussures Homme
Sandales Babouche,12 000,"location_onParcelle Assainies, Dakar, Sénégal",https://images.coinafrique.com/thumb_5300135_uploaded_image1_1745713863.jpg,Chaussures Homme
Chaussures New balance 9060,16 500,"location_onGrand Yoff, Dakar, Sénégal",https://images.coinafrique.com/thumb_5297755_uploaded_image1_1745575658.jpg,Chaussures Homme
Chaussures homme,25 000,"location_onColobane, Dakar, Sénégal",https://images.coinafrique.com/thumb_5296660_uploaded_image1_1745510256.jpg,Chaussures Homme
Chaussures New Balance 327,20 000,"location_onOuest Foire, Dakar, Sénégal",https://images.coinafrique.com/thumb_5295659_uploaded_image1_1745460927.jpg,Chaussures Homme
Sandales Scratch,8 000,"location_onDiamalaye 1, Dakar, Sénégal",https://images.coinafrique.com/thumb_5292928_uploaded_image1_1745334273.jpg,Chaussures Homme
Claquettes,8 000,"location_onDiamalaye 1, Dakar, Sénégal",https://images.coinafrique.com/thumb_5292923_uploaded_image1_1745334000.jpg,Chaussures Homme
Chaussures homme,20 000,"location_onGrand Yoff, Dakar, Sénégal",https://images.coinafrique.com/thumb_5292806_uploaded_image1_1745328812.jpg,Chaussures Homme
Chaussures homme,Prix sur demande,"location_onDakar, Sénégal",https://images.coinafrique.com/thumb_5292508_uploaded_image1_1745317068.jpg,Chaussures Homme
Chaussures Jordan 4,Prix sur demande,"location_onDakar, Sénégal",https://images.coinafrique.com/thumb_5292480_uploaded_image1_1745315752.jpg,Chaussures Homme
Chaussures Nike Air force 1,Prix sur demande,"location_onDakar, Sénégal",https://images.coinafrique.com/thumb_5292476_uploaded_image1_1745315513.jpg,Chaussures Homme
Chaussures Nike Airmax,Prix sur demande,"location_onDakar, Sénégal",https://images.coinafrique.com/thumb_5292472_uploaded_image1_1745315287.jpg,Chaussures Homme
Chaussures Nike,Prix sur demande,"location_onDakar, Sénégal",https://images.coinafrique.com/thumb_5292464_uploaded_image1_1745314968.jpg,Chaussures Homme
Baskets New Balance,25 000,"location_onColobane, Dakar, Sénégal",https://images.coinafrique.com/thumb_5292015_uploaded_image1_1745278729.jpg,Chaussures Homme
Chaussures en cuir,22 000,"location_onGrand Yoff, Dakar, Sénégal",https://images.coinafrique.com/thumb_5291808_uploaded_image1_1745269578.jpg,Chaussures Homme
Chaussures homme,15 000,"location_onNgor, Dakar, Sénégal",https://images.coinafrique.com/thumb_5290695_uploaded_image1_1745194082.jpg,Chaussures Homme
Sandales homme,Prix sur demande,"location_onDakar, Sénégal",https://images.coinafrique.com/thumb_5290585_uploaded_image1_1745186952.jpg,Chaussures Homme
Sandales,Prix sur demande,"location_onDakar, Sénégal",https://images.coinafrique.com/thumb_5290582_uploaded_image1_1745186783.jpg,Chaussures Homme
Chaussures Hommes,30 000,"location_onSicap foire, Dakar, Sénégal",https://images.coinafrique.com/thumb_5290268_uploaded_image1_1745162503.jpg,Chaussures Homme
Chaussures orthopédiques,10 000,"location_onOuest Foire, Dakar, Sénégal",https://images.coinafrique.com/thumb_5290098_uploaded_image1_1745149553.jpg,Chaussures Homme
Chaussures Nocta,12 000,"location_onOuakam, Dakar, Sénégal",https://images.coinafrique.com/thumb_5289537_uploaded_image1_1745088997.jpg,Chaussures Homme
Chaussures Jordan,12 000,"location_onOuakam, Dakar, Sénégal",https://images.coinafrique.com/thumb_5289531_uploaded_image1_1745088572.jpg,Chaussures Homme
Sandales orthopédiques,19 900,"location_onMermoz-Sacré Coeur, Dakar, Sénégal",https://images.coinafrique.com/thumb_5240443_uploaded_image1_1742398772.jpg,Chaussures Homme
Chaussures homme,25 000,"location_onColobane, Dakar, Sénégal",https://images.coinafrique.com/thumb_5283703_uploaded_image1_1744756872.jpg,Chaussures Homme
Chaussures hommes,15 000,"location_onParcelle Assainies, Dakar, Sénégal",https://images.coinafrique.com/thumb_5282876_uploaded_image1_1744723179.jpg,Chaussures Homme
Chaussures hommes,15 000,"location_onParcelle Assainies, Dakar, Sénégal",https://images.coinafrique.com/thumb_5282864_uploaded_image1_1744722887.jpg,Chaussures Homme
Chaussures Fourcand,20 000,"location_onParcelle Assainies, Dakar, Sénégal",https://images.coinafrique.com/thumb_5282537_uploaded_image1_1744710329.jpg,Chaussures Homme
Chaussures Wallabees,20 000,"location_onParcelle Assainies, Dakar, Sénégal",https://images.coinafrique.com/thumb_5282535_uploaded_image1_1744710250.jpg,Chaussures Homme
crocs Confort,10 000,"location_onParcelle Assainies, Dakar, Sénégal",https://images.coinafrique.com/thumb_5282531_uploaded_image1_1744710129.jpg,Chaussures Homme
Baskets Jordan 4,25 000,"location_onGuediawaye, Dakar, Sénégal",https://images.coinafrique.com/thumb_5281091_uploaded_image1_1744633294.jpg,Chaussures Homme
Baskets New Balance 9060,14 000,"location_onOuakam, Dakar, Sénégal",https://images.coinafrique.com/thumb_5280652_uploaded_image1_1744617829.jpg,Chaussures Homme
Baskets Dior B22,12 000,"location_onOuakam, Dakar, Sénégal",https://images.coinafrique.com/thumb_5280637_uploaded_image1_1744617017.jpg,Chaussures Homme
Chaussures homme,25 000,"location_onDakar, Sénégal",https://images.coinafrique.com/thumb_5280347_uploaded_image1_1744581868.jpg,Chaussures Homme
Sandales en cuir,15 000,"location_onParcelle Assainies, Dakar, Sénégal",https://images.coinafrique.com/thumb_5279346_uploaded_image1_1744524878.jpg,Chaussures Homme
Chaussures pour homme,13 000,"location_onDiamalaye 1, Dakar, Sénégal",https://images.coinafrique.com/thumb_5279254_uploaded_image1_1744509325.jpg,Chaussures Homme
Chaussures Berluti,24 000,"location_onGrand Yoff, Dakar, Sénégal",https://images.coinafrique.com/thumb_5277302_uploaded_image1_1744380806.jpg,Chaussures Homme
Sandales Balanciaga,20 000,"location_onColobane, Dakar, Sénégal",https://images.coinafrique.com/thumb_5275448_uploaded_image1_1744291597.jpg,Chaussures Homme
Sneakers Nike Vapormax 2026,45 000,"location_onGrand Dakar, Dakar, Sénégal",https://images.coinafrique.com/thumb_5274646_uploaded_image1_1744236593.jpg,Chaussures Homme
Chaussures homme,25 000,"location_onDakar, Sénégal",https://images.coinafrique.com/thumb_5273973_uploaded_image1_1744209028.jpg,Chaussures Homme
Chaussures homme,20 000,"location_onGrand Yoff, Dakar, Sénégal",https://images.coinafrique.com/thumb_5272396_uploaded_image1_1744132787.jpg,Chaussures Homme
Chaussures hommes,Prix sur demande,"location_onDakar Plateau, Dakar, Sénégal",https://images.coinafrique.com/thumb_5269413_uploaded_image1_1744009328.jpg,Chaussures Homme
Chaussures pour homme,20 000,"location_onDakar Plateau, Dakar, Sénégal",https://images.coinafrique.com/thumb_5269412_uploaded_image1_1744009246.jpg,Chaussures Homme
Chaussures hommes,25 000,"location_onDakar Plateau, Dakar, Sénégal",https://images.coinafrique.com/thumb_5269407_uploaded_image1_1744008993.jpg,Chaussures Homme
Chaussures homme,13 500,"location_onDiamalaye 1, Dakar, Sénégal",https://images.coinafrique.com/thumb_5267782_uploaded_image1_1743893564.jpg,Chaussures Homme
Chaussures homme,25 000,"location_onDakar, Sénégal",https://images.coinafrique.com/thumb_5267715_uploaded_image1_1743890662.jpg,Chaussures Homme
Chaussures homme,35 000,"location_onDakar, Sénégal",https://images.coinafrique.com/thumb_5265455_uploaded_image1_1743773971.jpg,Chaussures Homme
Baskets,3 000,"location_onMbao, Dakar, Sénégal",https://images.coinafrique.com/thumb_5262492_uploaded_image1_1743632195.jpg,Chaussures Homme
Chaussures homme,Prix sur demande,"location_onGuediawaye, Dakar, Sénégal",https://images.coinafrique.com/thumb_5262150_uploaded_image1_1743614036.jpg,Chaussures Homme
Mocassins Chunky Loafers,75 000,"location_onDakar, Sénégal",https://images.coinafrique.com/thumb_5257518_uploaded_image1_1743359463.jpg,Chaussures Homme
Chaussures Mocassin,25 000,"location_onColobane, Dakar, Sénégal",https://images.coinafrique.com/thumb_5257283_uploaded_image1_1743345206.jpg,Chaussures Homme
Chaussures homme,25 000,"location_onColobane, Dakar, Sénégal",https://images.coinafrique.com/thumb_5257271_uploaded_image1_1743344514.jpg,Chaussures Homme
Chaussures homme,12 000,"location_onGrand Yoff, Dakar, Sénégal",https://images.coinafrique.com/thumb_5255519_uploaded_image1_1743201201.jpg,Chaussures Homme
Chaussures homme,12 000,"location_onDakar, Sénégal",https://images.coinafrique.com/thumb_5254215_uploaded_image1_1743124170.jpg,Chaussures Homme
Sandales homme,7 500,"location_onDakar, Sénégal",https://images.coinafrique.com/thumb_5254169_uploaded_image2_1743118437.jpeg,Chaussures Homme
Chaussures homme,Prix sur demande,"location_onParcelle Assainies, Dakar, Sénégal",https://images.coinafrique.com/thumb_5253716_uploaded_image1_1743093416.jpg,Chaussures Homme
Chaussures homme,Prix sur demande,"location_onParcelle Assainies, Dakar, Sénégal",https://images.coinafrique.com/thumb_5253687_uploaded_image1_1743092167.jpg,Chaussures Homme
Babouches marocain,10 000,"location_onDieuppeul-Derklé, Dakar, Sénégal",https://images.coinafrique.com/thumb_5252737_uploaded_image1_1743045830.jpg,Chaussures Homme
Babouches Marakich,123,"location_onDakar Plateau, Dakar, Sénégal",https://images.coinafrique.com/thumb_5251851_uploaded_image1_1743001414.jpg,Chaussures Homme
Chaussures homme,20 000,"location_onColobane, Dakar, Sénégal",https://images.coinafrique.com/thumb_5251791_uploaded_image1_1742999110.jpg,Chaussures Homme
Chaussures homme,17 000,"location_onDakar, Sénégal",https://images.coinafrique.com/thumb_5250867_uploaded_image1_1742945140.jpg,Chaussures Homme
Chaussures homme,10 000,"location_onGuediawaye, Dakar, Sénégal",https://images.coinafrique.com/thumb_5250361_uploaded_image1_1742917864.jpg,Chaussures Homme
Chaussures homme,10 000,"location_onGuediawaye, Dakar, Sénégal",https://images.coinafrique.com/thumb_5250360_uploaded_image1_1742917785.jpg,Chaussures Homme
Chaussures homme,10 000,"location_onGuediawaye, Dakar, Sénégal",https://images.coinafrique.com/thumb_5250340_uploaded_image1_1742916965.jpg,Chaussures Homme
Baskets Nike Air Max 95,19 000,"location_onDakar, Sénégal",https://images.coinafrique.com/thumb_5250339_uploaded_image1_1742916939.jpg,Chaussures Homme
Chaussures homme,25 000,"location_onOuest Foire, Dakar, Sénégal",https://images.coinafrique.com/thumb_5249189_uploaded_image1_1742857796.jpg,Chaussures Homme
Chaussures homme,25 000,"location_onOuest Foire, Dakar, Sénégal",https://images.coinafrique.com/thumb_5249173_uploaded_image2_1742857458.jpeg,Chaussures Homme
Baskets homme,25 000,"location_onOuest Foire, Dakar, Sénégal",https://images.coinafrique.com/thumb_5249158_uploaded_image1_1742856533.jpg,Chaussures Homme
Baskets homme,10 000,"location_onDakar, Sénégal",https://images.coinafrique.com/thumb_5249008_uploaded_image1_1742848944.jpg,Chaussures Homme
Baskets New Balance,16 000,"location_onDakar, Sénégal",https://images.coinafrique.com/thumb_5248723_uploaded_image1_1742835691.jpg,Chaussures Homme
Chaussures Boss,30 000,"location_onDakar, Sénégal",https://images.coinafrique.com/thumb_5248608_uploaded_image1_1742831838.jpg,Chaussures Homme
Chaussures Timberland,18 000,"location_onDakar, Sénégal",https://images.coinafrique.com/thumb_5248606_uploaded_image1_1742831737.jpg,Chaussures Homme
Baskets Nike Zoom,14 000,"location_onDakar, Sénégal",https://images.coinafrique.com/thumb_5248604_uploaded_image1_1742831644.jpg,Chaussures Homme
Chaussures Berluti,25 000,"location_onPikine, Sénégal",https://images.coinafrique.com/thumb_5248498_uploaded_image1_1742827140.jpg,Chaussures Homme
Chaussures New balance,25 000,"location_onPikine, Sénégal",https://images.coinafrique.com/thumb_5248491_uploaded_image1_1742826946.jpg,Chaussures Homme
Chaussures Timberland,14 000,"location_onColobane, Dakar, Sénégal",https://images.coinafrique.com/thumb_5248156_uploaded_image1_1742815132.jpg,Chaussures Homme
Chaussures Berluti,20 000,"location_onDakar, Sénégal",https://images.coinafrique.com/thumb_5247335_uploaded_image1_1742773069.jpg,Chaussures Homme
Baskets Nike TN,16 000,"location_onDakar, Sénégal",https://images.coinafrique.com/thumb_5247027_uploaded_image1_1742754840.jpg,Chaussures Homme
Baskets New Balance 1000,25 000,"location_onDakar, Sénégal",https://images.coinafrique.com/thumb_5247024_uploaded_image1_1742754677.jpg,Chaussures Homme
Baskets Nike Air,25 000,"location_onDakar, Sénégal",https://images.coinafrique.com/thumb_5247013_uploaded_image1_1742754363.jpg,Chaussures Homme
Chaussures homme,22 000,"location_onParcelle Assainies, Dakar, Sénégal",https://images.coinafrique.com/thumb_5245634_uploaded_image1_1742669165.jpg,Chaussures Homme
Chaussures homme,30 000,"location_onGrand Yoff, Dakar, Sénégal",https://images.coinafrique.com/thumb_5243960_uploaded_image1_1742572103.jpg,Chaussures Homme
Madden nyc maxwell - Bottes,35 000,"location_onParcelle Assainies, Dakar, Sénégal",https://images.coinafrique.com/thumb_5196431_uploaded_image1_1740135850.jpg,Chaussures Homme
Baskets Air Force One,25 000,"location_onRufisque, Sénégal",https://images.coinafrique.com/thumb_5240817_uploaded_image1_1742416359.jpg,Chaussures Homme
Chaussures homme,12 000,"location_onNiaga, Sénégal",https://images.coinafrique.com/thumb_5239408_uploaded_image1_1742345593.jpg,Chaussures Homme
Chaussures hommes,12 000,"location_onGuediawaye, Dakar, Sénégal",https://images.coinafrique.com/thumb_5237655_uploaded_image1_1742284734.jpg,Chaussures Homme
Chaussures homme,6 000,"location_onDakar, Sénégal",https://images.coinafrique.com/thumb_5236628_uploaded_image1_1742224825.jpg,Chaussures Homme
Chaussures homme,4 500,"location_onYoff, Dakar, Sénégal",https://images.coinafrique.com/thumb_5236218_uploaded_image1_1742214517.jpg,Chaussures Homme
Sandales homme,8 500,"location_onParcelle Assainies, Dakar, Sénégal",https://images.coinafrique.com/thumb_5235714_uploaded_image1_1742195299.jpg,Chaussures Homme
Sandales homme,8 000,"location_onHann Bel-Air, Dakar, Sénégal",https://images.coinafrique.com/thumb_5235403_uploaded_image1_1742168721.jpg,Chaussures Homme
Chaussures homme,20 000,"location_onDakar, Sénégal",https://images.coinafrique.com/thumb_5234080_uploaded_image1_1742075289.jpg,Chaussures Homme
Chaussures homme,20 000,"location_onDakar, Sénégal",https://images.coinafrique.com/thumb_5234076_uploaded_image1_1742075201.jpg,Chaussures Homme
Chaussures Unisexe,17 000,"location_onDakar, Sénégal",https://images.coinafrique.com/thumb_5233961_uploaded_image1_1742068698.jpg,Chaussures Homme
Chaussures Unisexe,7 000,"location_onDakar, Sénégal",https://images.coinafrique.com/thumb_5233958_uploaded_image1_1742068527.jpg,Chaussures Homme
Sandales pour homme,7 000,"location_onDakar, Sénégal",https://images.coinafrique.com/thumb_5233956_uploaded_image1_1742068339.jpg,Chaussures Homme
Baskets Air Force One,17 000,"location_onParcelle Assainies, Dakar, Sénégal",https://images.coinafrique.com/thumb_5233911_uploaded_image1_1742064967.jpg,Chaussures Homme
Chaussures homme,7 000,"location_onThies, Sénégal",https://images.coinafrique.com/thumb_5232564_uploaded_image1_1741979949.jpg,Chaussures Homme
Chaussures homme,7 000,"location_onThies, Sénégal",https://images.coinafrique.com/thumb_5231856_uploaded_image1_1741953647.jpg,Chaussures Homme
Chaussures hommes,25 000,"location_onDakar, Sénégal",https://images.coinafrique.com/thumb_5231320_uploaded_image1_1741923376.jpg,Chaussures Homme
Chaussures Jordans,28 000,"location_onDakar, Sénégal",https://images.coinafrique.com/thumb_5231315_uploaded_image1_1741923032.jpg,Chaussures Homme
Chaussures homme,22 000,"location_onDakar, Sénégal",https://images.coinafrique.com/thumb_5231313_uploaded_image1_1741922943.jpg,Chaussures Homme
Chaussures Timberland rasés,20 000,"location_onDakar Plateau, Dakar, Sénégal",https://images.coinafrique.com/thumb_5231311_uploaded_image1_1741922689.jpg,Chaussures Homme
Chaussures hommes new balance,29 900,"location_onDakar Plateau, Dakar, Sénégal",https://images.coinafrique.com/thumb_5231310_uploaded_image1_1741922540.jpg,Chaussures Homme
Chaussures hommes,20 000,"location_onDakar Plateau, Dakar, Sénégal",https://images.coinafrique.com/thumb_5231308_uploaded_image1_1741922409.jpg,Chaussures Homme
Mocassins homme,20 000,"location_onDakar Plateau, Dakar, Sénégal",https://images.coinafrique.com/thumb_5231306_uploaded_image1_1741922306.jpg,Chaussures Homme
Chaussures homme,10 000,"location_onTouba, Sénégal",https://images.coinafrique.com/thumb_5231062_uploaded_image1_1741909010.jpg,Chaussures Homme
Chaussures Unisexe,Prix sur demande,"location_onDakar, Sénégal",https://images.coinafrique.com/thumb_5228727_uploaded_image1_1741792966.jpg,Chaussures Homme
Chaussures homme,15 000,"location_onYoff, Dakar, Sénégal",https://images.coinafrique.com/thumb_5226818_uploaded_image1_1741705646.jpg,Chaussures Homme
Sandales homme,12 000,"location_onDakar, Sénégal",https://images.coinafrique.com/thumb_5226470_uploaded_image1_1741695937.jpg,Chaussures Homme
Chaussures  homme Dior,20 000,"location_onFass, Dakar, Sénégal",https://images.coinafrique.com/thumb_5179616_uploaded_image1_1739215885.jpg,Chaussures Homme
Chaussures homme,8 000,"location_onHann Bel-Air, Dakar, Sénégal",https://images.coinafrique.com/thumb_5222481_uploaded_image2_1741519989.jpeg,Chaussures Homme
Chaussures Parada Milano,16 000,"location_onColobane, Dakar, Sénégal",https://images.coinafrique.com/thumb_5177848_uploaded_image1_1739130539.jpg,Chaussures Homme
Baskets Adidas,15 000,"location_onColobane, Dakar, Sénégal",https://images.coinafrique.com/thumb_5177843_uploaded_image1_1739130312.jpg,Chaussures Homme
Sandales homme,9 000,"location_onParcelle Assainies, Dakar, Sénégal",https://images.coinafrique.com/thumb_5220860_uploaded_image1_1741407018.jpg,Chaussures Homme
Baskets homme,17 000,"location_onDakar, Sénégal",https://images.coinafrique.com/thumb_5220270_uploaded_image1_1741371390.jpg,Chaussures Homme
Chaussures homme,15 000,"location_onDakar, Sénégal",https://images.coinafrique.com/thumb_5220251_uploaded_image1_1741370705.jpg,Chaussures Homme
Baskets Jordan 3,22 000,"location_onDakar, Sénégal",https://images.coinafrique.com/thumb_5218624_uploaded_image1_1741294801.jpg,Chaussures Homme
Chaussures hommes,10 000,"location_onDiamalaye 1, Dakar, Sénégal",https://images.coinafrique.com/thumb_5217390_uploaded_image1_1741253159.jpg,Chaussures Homme
Chaussures hommes,13 000,"location_onDiamalaye 1, Dakar, Sénégal",https://images.coinafrique.com/thumb_5217317_uploaded_image1_1741251254.jpg,Chaussures Homme
Sandales homme,8 500,"location_onParcelle Assainies, Dakar, Sénégal",https://images.coinafrique.com/thumb_5214615_uploaded_image2_1741112696.jpeg,Chaussures Homme
Baskets  New Balance,27 000,"location_onDakar, Sénégal",https://images.coinafrique.com/thumb_5210812_uploaded_image1_1740953669.jpg,Chaussures Homme
Baskets Air Force One Rob,17 000,"location_onDakar, Sénégal",https://images.coinafrique.com/thumb_5210809_uploaded_image1_1740953549.jpg,Chaussures Homme
Baskets Louis Vuitton,20 000,"location_onSicap foire, Dakar, Sénégal",https://images.coinafrique.com/thumb_5210576_uploaded_image1_1740941577.jpg,Chaussures Homme
