type_habits_enfant,prix,adresse,image_lien,categorie
Ensemble pour jeune fille,10 000,"location_onDakar, Sénégal",https://images.coinafrique.com/thumb_5365674_uploaded_image1_1749416491.jpg,Vêtements Enfants
Djalabé pour enfants,10 000,"location_onColobane, Dakar, Sénégal",https://images.coinafrique.com/thumb_5374426_uploaded_image1_1749913743.jpg,Vêtements Enfants
Robe enfant,7 000,"location_onDakar, Sénégal",https://images.coinafrique.com/thumb_5364583_uploaded_image1_1749330317.jpg,Vêtements Enfants
Robe enfant,8 000,"location_onDakar, Sénégal",https://images.coinafrique.com/thumb_5364552_uploaded_image1_1749328164.jpg,Vêtements Enfants
Ensemble short enfant,8 000,"location_onDakar, Sénégal",https://images.coinafrique.com/thumb_5364545_uploaded_image1_1749327684.jpg,Vêtements Enfants
Robe pour enfants,7 000,"location_onColobane, Dakar, Sénégal",https://images.coinafrique.com/thumb_5344465_uploaded_image1_1748167330.jpg,Vêtements Enfants
Robe,10 000,"location_onColobane, Dakar, Sénégal",https://images.coinafrique.com/thumb_5344473_uploaded_image1_1748167713.jpg,Vêtements Enfants
Polo Lacoste pour enfants,4 000,"location_onColobane, Dakar, Sénégal",https://images.coinafrique.com/thumb_5344468_uploaded_image1_1748167535.jpg,Vêtements Enfants
Emsemble pour enfants 3 pièces,8 000,"location_onColobane, Dakar, Sénégal",https://images.coinafrique.com/thumb_5344462_uploaded_image1_1748167236.jpg,Vêtements Enfants
Ensemble pour enfants de 1ans à 3ans,7 000,"location_onColobane, Dakar, Sénégal",https://images.coinafrique.com/thumb_5342641_uploaded_image1_1748035425.jpg,Vêtements Enfants
Ensemble pour enfants de 2ans a 6ans coton,7 000,"location_onColobane, Dakar, Sénégal",https://images.coinafrique.com/thumb_5342650_uploaded_image1_1748035854.jpg,Vêtements Enfants
Ensemble pour enfants de 2ans a 12ans,7 000,"location_onColobane, Dakar, Sénégal",https://images.coinafrique.com/thumb_5342643_uploaded_image1_1748035562.jpg,Vêtements Enfants
Ensemble pour enfants de 3ans jusqu'à 8ans,7 000,"location_onColobane, Dakar, Sénégal",https://images.coinafrique.com/thumb_5342638_uploaded_image1_1748035029.jpg,Vêtements Enfants
Ensemble pour enfants 6mois à 4ans,4 000,"location_onColobane, Dakar, Sénégal",https://images.coinafrique.com/thumb_5342633_uploaded_image1_1748034778.jpg,Vêtements Enfants
Ensemble pour enfants coton,7 000,"location_onColobane, Dakar, Sénégal",https://images.coinafrique.com/thumb_5342628_uploaded_image1_1748034550.jpg,Vêtements Enfants
Survêtement coton pour enfants,1 500,"location_onColobane, Dakar, Sénégal",https://images.coinafrique.com/thumb_5342624_uploaded_image1_1748034284.jpg,Vêtements Enfants
Ensemble bébé,Prix sur demande,"location_onHLM, Dakar, Sénégal",https://images.coinafrique.com/thumb_5385373_uploaded_image1_1750509886.51.jpeg,Vêtements Enfants
Ensemble enfant,Prix sur demande,"location_onHLM, Dakar, Sénégal",https://images.coinafrique.com/thumb_5385364_uploaded_image1_1750509649.41.jpeg,Vêtements Enfants
Ensemble pour bébé,Prix sur demande,"location_onHLM, Dakar, Sénégal",https://images.coinafrique.com/thumb_5385356_uploaded_image1_1750509151.08.jpeg,Vêtements Enfants
Habillement enfant,4 000,"location_onHLM, Dakar, Sénégal",https://images.coinafrique.com/thumb_5385294_uploaded_image1_1750506744.37.jpeg,Vêtements Enfants
Ensemble pour enfants,8 000,"location_onColobane, Dakar, Sénégal",https://images.coinafrique.com/thumb_5328806_uploaded_image1_1747290315.jpg,Vêtements Enfants
Robe enfant,Prix sur demande,"location_onOuakam, Dakar, Sénégal",https://images.coinafrique.com/thumb_5336896_uploaded_image1_1747744426.jpg,Vêtements Enfants
Emsemble coton,7 000,"location_onColobane, Dakar, Sénégal",https://images.coinafrique.com/thumb_5290112_uploaded_image1_1745150419.jpg,Vêtements Enfants
Emsemble  Coton,6 000,"location_onColobane, Dakar, Sénégal",https://images.coinafrique.com/thumb_5289213_uploaded_image1_1745070585.jpg,Vêtements Enfants
Vetements et accéssoires pour bébé,Prix sur demande,"location_onColobane, Dakar, Sénégal",https://images.coinafrique.com/thumb_5281282_uploaded_image1_1744639610.jpg,Vêtements Enfants
Gamme et vetement pour bébé,Prix sur demande,"location_onColobane, Dakar, Sénégal",https://images.coinafrique.com/thumb_5281278_uploaded_image1_1744639447.jpg,Vêtements Enfants
Brassière kids,3 000,"location_onDakar, Sénégal",https://images.coinafrique.com/thumb_5321500_uploaded_image1_1746889004.jpg,Vêtements Enfants
Vetement enfant,Prix sur demande,"location_onDakar, Sénégal",https://images.coinafrique.com/thumb_5312820_uploaded_image1_1746452801.jpg,Vêtements Enfants
Vêtements enfants,Prix sur demande,"location_onMamelles, Dakar, Sénégal",https://images.coinafrique.com/thumb_5310010_uploaded_image1_1746279800.jpg,Vêtements Enfants
Ensemble pour enfants,6 000,"location_onDiamalaye 1, Dakar, Sénégal",https://images.coinafrique.com/thumb_5309005_uploaded_image1_1746217976.jpg,Vêtements Enfants
Ensemble enfants,6 000,"location_onDiamalaye 1, Dakar, Sénégal",https://images.coinafrique.com/thumb_5309001_uploaded_image1_1746217790.jpg,Vêtements Enfants
Ensemble pour enfants,6 000,"location_onDiamalaye 1, Dakar, Sénégal",https://images.coinafrique.com/thumb_5308995_uploaded_image1_1746217632.jpg,Vêtements Enfants
Chemise enfants,15 000,"location_onFass, Dakar, Sénégal",https://images.coinafrique.com/thumb_5263591_uploaded_image1_1743688903.jpg,Vêtements Enfants
Abaya pour Anfna,10 000,"location_onFass, Dakar, Sénégal",https://images.coinafrique.com/thumb_5263587_uploaded_image1_1743688774.jpg,Vêtements Enfants
Djalaba,7 500,"location_onFass, Dakar, Sénégal",https://images.coinafrique.com/thumb_5257015_uploaded_image1_1743325512.jpg,Vêtements Enfants
Sous vetement enfant,1 000,"location_onFass, Dakar, Sénégal",https://images.coinafrique.com/thumb_5256504_uploaded_image1_1743272005.jpg,Vêtements Enfants
Robe Afne,15 000,"location_onFass, Dakar, Sénégal",https://images.coinafrique.com/thumb_5243665_uploaded_image1_1742560242.jpg,Vêtements Enfants
Robes enfant,Prix sur demande,"location_onFass, Dakar, Sénégal",https://images.coinafrique.com/thumb_5283049_uploaded_image1_1744729140.jpg,Vêtements Enfants
Robes enfant,Prix sur demande,"location_onFass, Dakar, Sénégal",https://images.coinafrique.com/thumb_5283005_uploaded_image1_1744727750.jpg,Vêtements Enfants
Dialaba  2 pièces,7 000,"location_onColobane, Dakar, Sénégal",https://images.coinafrique.com/thumb_5233364_uploaded_image1_1742035732.jpg,Vêtements Enfants
Dialab,15 000,"location_onColobane, Dakar, Sénégal",https://images.coinafrique.com/thumb_5228687_uploaded_image1_1741791237.jpg,Vêtements Enfants
Dialab 3 pièces  3ans jusqua 16ans,12 000,"location_onColobane, Dakar, Sénégal",https://images.coinafrique.com/thumb_5228280_uploaded_image1_1741779191.jpg,Vêtements Enfants
Dialab pour enfant de 1ans jusqua 16ans,10 000,"location_onColobane, Dakar, Sénégal",https://images.coinafrique.com/thumb_5227274_uploaded_image1_1741722024.jpg,Vêtements Enfants
Dialab enfant 3pièces,12 000,"location_onColobane, Dakar, Sénégal",https://images.coinafrique.com/thumb_5227233_uploaded_image1_1741720597.jpg,Vêtements Enfants
Ensemble dialab enfants 3pièces,15 000,"location_onColobane, Dakar, Sénégal",https://images.coinafrique.com/thumb_5214607_uploaded_image1_1741112466.jpg,Vêtements Enfants
Ensemble dialab pour enfant de 3ans jusqua 16ans,7 000,"location_onColobane, Dakar, Sénégal",https://images.coinafrique.com/thumb_5214582_uploaded_image1_1741111696.jpg,Vêtements Enfants
Dialab pour enfant,7 000,"location_onColobane, Dakar, Sénégal",https://images.coinafrique.com/thumb_5214595_uploaded_image1_1741112064.jpg,Vêtements Enfants
Robe Iris enfant,15 000,"location_onNgor, Dakar, Sénégal",https://images.coinafrique.com/thumb_5204766_uploaded_image1_1740600489.jpg,Vêtements Enfants
Jalaba  pour enfants,15 000,"location_onParcelle Assainies, Dakar, Sénégal",https://images.coinafrique.com/thumb_5246903_uploaded_image1_1742748145.jpg,Vêtements Enfants
Jalaba  pour enfants,7 000,"location_onParcelle Assainies, Dakar, Sénégal",https://images.coinafrique.com/thumb_5246901_uploaded_image2_1742748053.jpeg,Vêtements Enfants
Maillots enfants,10 000,"location_onDieuppeul-Derklé, Dakar, Sénégal",https://images.coinafrique.com/thumb_5246062_uploaded_image1_1742692008.jpg,Vêtements Enfants
Robe de prière  enfant,5 000,"location_onSicap Liberté, Dakar, Sénégal",https://images.coinafrique.com/thumb_5241328_uploaded_image1_1742452229.jpg,Vêtements Enfants
Vetement  enfants,8 500,"location_onFass, Dakar, Sénégal",https://images.coinafrique.com/thumb_5193655_uploaded_image1_1739987145.jpg,Vêtements Enfants
Robe enfant,Prix sur demande,"location_onOuakam, Dakar, Sénégal",https://images.coinafrique.com/thumb_5225588_uploaded_image1_1741658299.jpg,Vêtements Enfants
Robe enfant,Prix sur demande,"location_onOuakam, Dakar, Sénégal",https://images.coinafrique.com/thumb_5225585_uploaded_image1_1741658034.jpg,Vêtements Enfants
Robe enfant,Prix sur demande,"location_onOuakam, Dakar, Sénégal",https://images.coinafrique.com/thumb_5225584_uploaded_image1_1741657625.jpg,Vêtements Enfants
Djialap pour enfant de 4ans jusqua 18ans,6 500,"location_onColobane, Dakar, Sénégal",https://images.coinafrique.com/thumb_5181431_uploaded_image1_1739304816.jpg,Vêtements Enfants
Dialabé enfant,10 000,"location_onFass, Dakar, Sénégal",https://images.coinafrique.com/thumb_5181204_uploaded_image1_1739296973.jpg,Vêtements Enfants
Djialabé enfant,8 000,"location_onParcelle Assainies, Dakar, Sénégal",https://images.coinafrique.com/thumb_5196620_uploaded_image1_1740145128.jpg,Vêtements Enfants
Ensemble mardi gras,8 000,"location_onDakar Plateau, Dakar, Sénégal",https://images.coinafrique.com/thumb_5171755_uploaded_image1_1738776386.jpg,Vêtements Enfants
Ensemble pour enfant de 1ans jusqua 15ans,7 000,"location_onColobane, Dakar, Sénégal",https://images.coinafrique.com/thumb_5116396_uploaded_image1_1735846707.jpg,Vêtements Enfants
Vêtement enfant,1 000,"location_onSicap foire, Dakar, Sénégal",https://images.coinafrique.com/thumb_5141487_uploaded_image1_1737219569.jpg,Vêtements Enfants
Vêtements enfants,4 500,"location_onMbao, Dakar, Sénégal",https://images.coinafrique.com/thumb_5130020_uploaded_image1_1736594996.jpg,Vêtements Enfants
Vêtements enfants,4 500,"location_onMbao, Dakar, Sénégal",https://images.coinafrique.com/thumb_5129146_uploaded_image1_1736533355.jpg,Vêtements Enfants
Genouillère anti-dérapante en coton,Prix sur demande,"location_onMermoz-Sacré Coeur, Dakar, Sénégal",https://images.coinafrique.com/thumb_5120586_uploaded_image1_1736107643.jpg,Vêtements Enfants
Ensemble pour enfant,8 000,"location_onColobane, Dakar, Sénégal",https://images.coinafrique.com/thumb_5071417_uploaded_image1_1733140647.jpg,Vêtements Enfants
Vêtements bébé,1 000,"location_onColobane, Dakar, Sénégal",https://images.coinafrique.com/thumb_5106688_uploaded_image1_1735128985.jpg,Vêtements Enfants
Vêtements bébé,1 000,"location_onColobane, Dakar, Sénégal",https://images.coinafrique.com/thumb_5106673_uploaded_image1_1735128585.jpg,Vêtements Enfants
Vêtements bébé,1 000,"location_onColobane, Dakar, Sénégal",https://images.coinafrique.com/thumb_5106669_uploaded_image1_1735128475.jpg,Vêtements Enfants
Vêtements bébé,1 000,"location_onColobane, Dakar, Sénégal",https://images.coinafrique.com/thumb_5106661_uploaded_image1_1735128299.jpg,Vêtements Enfants
Blouson pour enfant,8 000,"location_onColobane, Dakar, Sénégal",https://images.coinafrique.com/thumb_5058990_uploaded_image1_1732437877.jpg,Vêtements Enfants
Blouson pour enfants 100% coton 3 ans 9ans,8 000,"location_onColobane, Dakar, Sénégal",https://images.coinafrique.com/thumb_5046861_uploaded_image1_1731758020.jpg,Vêtements Enfants
Blouson  pour enfants 3ans à 10ans,8 000,"location_onOuest Foire, Dakar, Sénégal",https://images.coinafrique.com/thumb_5046278_uploaded_image1_1731706267.jpg,Vêtements Enfants
Blouson coton pour enfants de 1ans 8ans,8 000,"location_onOuest Foire, Dakar, Sénégal",https://images.coinafrique.com/thumb_5046169_uploaded_image1_1731701583.jpg,Vêtements Enfants
Blouson pour enfants 4ans à 15ans,8 000,"location_onOuest Foire, Dakar, Sénégal",https://images.coinafrique.com/thumb_5046164_uploaded_image1_1731701239.jpg,Vêtements Enfants
Blouson pour enfants de 4ans à 12ans,8 000,"location_onOuest Foire, Dakar, Sénégal",https://images.coinafrique.com/thumb_5046160_uploaded_image1_1731700970.jpg,Vêtements Enfants
Blouson pour enfants 1ans 5 ans,5 000,"location_onOuest Foire, Dakar, Sénégal",https://images.coinafrique.com/thumb_5046156_uploaded_image1_1731700664.jpg,Vêtements Enfants
Blouson pour enfants 3 ans à 8 ans,8 000,"location_onOuest Foire, Dakar, Sénégal",https://images.coinafrique.com/thumb_5045455_uploaded_image1_1731673153.jpg,Vêtements Enfants
Ensemble Pul Enfants,18 000,"location_onDakar, Sénégal",https://images.coinafrique.com/thumb_5081973_uploaded_image1_1733664739.jpg,Vêtements Enfants
Ensemble costumes enfants,25 000,"location_onDakar, Sénégal",https://images.coinafrique.com/thumb_5081958_uploaded_image1_1733664149.jpg,Vêtements Enfants
robe princesse 10ans,6 000,"location_onParcelle Assainies, Dakar, Sénégal",https://images.coinafrique.com/thumb_5079189_uploaded_image1_1733486786.jpg,Vêtements Enfants
Ensemble pour enfant cotton,6 000,"location_onColobane, Dakar, Sénégal",https://images.coinafrique.com/thumb_5028888_uploaded_image1_1730844775.jpg,Vêtements Enfants
Maillots enfants sénégal,10 000,"location_onDakar Plateau, Dakar, Sénégal",https://images.coinafrique.com/thumb_5054255_uploaded_image2_1732155894.jpeg,Vêtements Enfants
Pantalon pour enfant 14ans 15ans,4 000,"location_onColobane, Dakar, Sénégal",https://images.coinafrique.com/thumb_4976513_uploaded_image1_1728030461.jpg,Vêtements Enfants
Lot pyjamas enfant 6/8 ans,11 000,"location_onAlmadies, Dakar, Sénégal",https://images.coinafrique.com/thumb_5014321_uploaded_image1_1730104437.jpg,Vêtements Enfants
Ensemble veste garçon 5 pièces,28 000,"location_onDakar, Sénégal",https://images.coinafrique.com/thumb_5010327_uploaded_image1_1729813849.jpg,Vêtements Enfants
Costume enfant,28 000,"location_onDakar, Sénégal",https://images.coinafrique.com/thumb_5010301_uploaded_image1_1729811616.jpg,Vêtements Enfants
Vêtements   pour enfant,10 000,"location_onColobane, Dakar, Sénégal",https://images.coinafrique.com/thumb_4961200_uploaded_image1_1727261868.jpg,Vêtements Enfants
Ensemble pour enfant,10 000,"location_onColobane, Dakar, Sénégal",https://images.coinafrique.com/thumb_4961210_uploaded_image1_1727262074.jpg,Vêtements Enfants
Robes de fête,Prix sur demande,"location_onDakar, Sénégal",https://images.coinafrique.com/thumb_5002636_uploaded_image1_1729418520.jpg,Vêtements Enfants
Ensemble pour enfant 0ans jusqua 15ans,6 000,"location_onColobane, Dakar, Sénégal",https://images.coinafrique.com/thumb_4957241_uploaded_image1_1727083231.jpg,Vêtements Enfants
Jeans enfants,Prix sur demande,"location_onGrand Yoff, Dakar, Sénégal",https://images.coinafrique.com/thumb_4991997_uploaded_image1_1728856374.jpg,Vêtements Enfants
Pantalon enfants,6 000,"location_onDakar Plateau, Dakar, Sénégal",https://images.coinafrique.com/thumb_4945928_uploaded_image1_1726439169.jpg,Vêtements Enfants
Vetement enfants,Prix sur demande,"location_onDakar Plateau, Dakar, Sénégal",https://images.coinafrique.com/thumb_4931868_uploaded_image1_1725656850.jpg,Vêtements Enfants
Veste Jacadi,12 000,"location_onAlmadies, Dakar, Sénégal",https://images.coinafrique.com/thumb_4931211_uploaded_image1_1725627889.jpg,Vêtements Enfants
Veste Softshell,14 000,"location_onAlmadies, Dakar, Sénégal",https://images.coinafrique.com/thumb_4931208_uploaded_image1_1725627705.jpg,Vêtements Enfants
Peignoirs enfants,Prix sur demande,"location_onDakar Plateau, Dakar, Sénégal",https://images.coinafrique.com/thumb_4866825_uploaded_image1_1722295875.jpg,Vêtements Enfants
Serviette de bain pour bébé,4 000,"location_onDakar Plateau, Dakar, Sénégal",https://images.coinafrique.com/thumb_4861240_uploaded_image1_1721949203.jpg,Vêtements Enfants
Grenouillère bébé de 0- 24 mois,1 500,"location_onPoint E, Dakar, Sénégal",https://images.coinafrique.com/thumb_4877415_uploaded_image1_1722816062.jpg,Vêtements Enfants
Body pour bébé de 0-24mois,750,"location_onPoint E, Dakar, Sénégal",https://images.coinafrique.com/thumb_4877371_uploaded_image1_1722813872.jpg,Vêtements Enfants
Robe pour fille,4 500,"location_onMedina, Dakar, Sénégal",https://images.coinafrique.com/thumb_4886076_uploaded_image1_1723220872.jpg,Vêtements Enfants
Robe fille,22 800,"location_onMedina, Dakar, Sénégal",https://images.coinafrique.com/thumb_4885783_uploaded_image1_1723209095.jpg,Vêtements Enfants
Vêtements de garçon,2 500,"location_onMedina, Dakar, Sénégal",https://images.coinafrique.com/thumb_4885328_uploaded_image1_1723192813.jpg,Vêtements Enfants
Ensemble pour garçon,4 500,"location_onMedina, Dakar, Sénégal",https://images.coinafrique.com/thumb_4885315_uploaded_image1_1723192524.jpg,Vêtements Enfants
Pyjama enfant en coton,2 000,"location_onSicap Liberté, Dakar, Sénégal",https://images.coinafrique.com/thumb_4882618_uploaded_image1_1723046965.jpg,Vêtements Enfants
Cuissards,210,"location_onMedina, Dakar, Sénégal",https://images.coinafrique.com/thumb_4881948_uploaded_image1_1723028512.jpg,Vêtements Enfants
Slips pour enfants,7 500,"location_onColobane, Dakar, Sénégal",https://images.coinafrique.com/thumb_4811384_uploaded_image1_1719393861.jpg,Vêtements Enfants
Robe princesse,17 500,"location_onHLM, Dakar, Sénégal",https://images.coinafrique.com/thumb_4804290_uploaded_image1_1718982555.jpg,Vêtements Enfants
Robes princesse,17 500,"location_onHLM, Dakar, Sénégal",https://images.coinafrique.com/thumb_4804282_uploaded_image1_1718982396.jpg,Vêtements Enfants
Ensemble 3  pièces,15 000,"location_onHLM, Dakar, Sénégal",https://images.coinafrique.com/thumb_4788092_uploaded_image1_1717977175.jpg,Vêtements Enfants
Robe brodé,10 000,"location_onHLM, Dakar, Sénégal",https://images.coinafrique.com/thumb_4787486_uploaded_image1_1717947693.jpg,Vêtements Enfants
Couverture bébé,4 000,"location_onDakar, Sénégal",https://images.coinafrique.com/thumb_4782346_uploaded_image1_1717666928.jpg,Vêtements Enfants
Ensemble enfant,9 000,"location_onDakar Plateau, Dakar, Sénégal",https://images.coinafrique.com/thumb_4773123_uploaded_image1_1717195531.jpg,Vêtements Enfants
Robe anniversaire ou cérémonie,15 000,"location_onHLM, Dakar, Sénégal",https://images.coinafrique.com/thumb_4775997_uploaded_image1_1717372054.jpg,Vêtements Enfants
Robe pour anniversaire ou cérémonie,15 000,"location_onHLM, Dakar, Sénégal",https://images.coinafrique.com/thumb_4775993_uploaded_image1_1717371915.jpg,Vêtements Enfants
Ensemble 5 pieces,6 000,"location_onHLM, Dakar, Sénégal",https://images.coinafrique.com/thumb_4775968_uploaded_image1_1717370720.jpg,Vêtements Enfants
Grenouillère 0 - 9 mois,5 000,"location_onHLM, Dakar, Sénégal",https://images.coinafrique.com/thumb_4775960_uploaded_image1_1717370364.jpg,Vêtements Enfants
Ensemble bas large fille 10 - 14 ans,12 000,"location_onHLM, Dakar, Sénégal",https://images.coinafrique.com/thumb_4775932_uploaded_image1_1717369632.jpg,Vêtements Enfants
Ensemble coton fille,5 000,"location_onHLM, Dakar, Sénégal",https://images.coinafrique.com/thumb_4775892_uploaded_image1_1717367975.jpg,Vêtements Enfants
Robe brodé,15 000,"location_onHLM, Dakar, Sénégal",https://images.coinafrique.com/thumb_4775889_uploaded_image1_1717367795.jpg,Vêtements Enfants
Robe en coton 9 - 24 mois,5 000,"location_onHLM, Dakar, Sénégal",https://images.coinafrique.com/thumb_4775887_uploaded_image1_1717367631.jpg,Vêtements Enfants
Robe coton fille 2 - 5 ans,6 000,"location_onHLM, Dakar, Sénégal",https://images.coinafrique.com/thumb_4775884_uploaded_image1_1717367280.jpg,Vêtements Enfants
Robes brodé,10 000,"location_onHLM, Dakar, Sénégal",https://images.coinafrique.com/thumb_4775869_uploaded_image1_1717366678.jpg,Vêtements Enfants
Ensemble bas,5 000,"location_onHLM, Dakar, Sénégal",https://images.coinafrique.com/thumb_4775865_uploaded_image1_1717366540.jpg,Vêtements Enfants
Ensemble bas,5 000,"location_onHLM, Dakar, Sénégal",https://images.coinafrique.com/thumb_4775846_uploaded_image2_1717365985.jpeg,Vêtements Enfants
Robe enfant,Prix sur demande,"location_onDakar, Sénégal",https://images.coinafrique.com/thumb_4783648_uploaded_image1_1717719693.jpg,Vêtements Enfants
Vêtement enfant,5 000,"location_onColobane, Dakar, Sénégal",https://images.coinafrique.com/thumb_4730553_uploaded_image1_1715080309.jpg,Vêtements Enfants
Vêtements enfant,8 000,"location_onHLM, Dakar, Sénégal",https://images.coinafrique.com/thumb_4770789_uploaded_image1_1717088821.jpg,Vêtements Enfants
Slip enfant,2 500,"location_onMermoz-Sacré Coeur, Dakar, Sénégal",https://images.coinafrique.com/thumb_4766856_uploaded_image1_1716912176.jpg,Vêtements Enfants
Vêtements enfant,Prix sur demande,"location_onColobane, Dakar, Sénégal",https://images.coinafrique.com/thumb_4750299_uploaded_image1_1716034798.jpg,Vêtements Enfants
Vêtements enfant,Prix sur demande,"location_onDakar, Sénégal",https://images.coinafrique.com/thumb_4743643_uploaded_image1_1715718710.jpg,Vêtements Enfants
Djellaba enfant,12 000,"location_onColobane, Dakar, Sénégal",https://images.coinafrique.com/thumb_4683616_uploaded_image1_1712666779.jpg,Vêtements Enfants
Djellaba enfants,15 000,"location_onCambérène, Dakar, Sénégal",https://images.coinafrique.com/thumb_4682806_uploaded_image1_1712615672.jpg,Vêtements Enfants
Djellaba enfants,10 000,"location_onCambérène, Dakar, Sénégal",https://images.coinafrique.com/thumb_4682804_uploaded_image1_1712615617.jpg,Vêtements Enfants
Djellaba enfants,12 500,"location_onCambérène, Dakar, Sénégal",https://images.coinafrique.com/thumb_4682799_uploaded_image1_1712615352.jpg,Vêtements Enfants
Ensemble 3 pièces enfants,10 000,"location_onColobane, Dakar, Sénégal",https://images.coinafrique.com/thumb_4669732_uploaded_image1_1711987098.jpg,Vêtements Enfants
Vêtements enfants,6 000,"location_onColobane, Dakar, Sénégal",https://images.coinafrique.com/thumb_4669723_uploaded_image1_1711986941.jpg,Vêtements Enfants
Slips pour enfants 2 - 8 ans,6 000,"location_onColobane, Dakar, Sénégal",https://images.coinafrique.com/thumb_4668016_uploaded_image1_1711892538.jpg,Vêtements Enfants
Vetement  enfants,10 000,"location_onColobane, Dakar, Sénégal",https://images.coinafrique.com/thumb_4667484_uploaded_image1_1711840999.jpg,Vêtements Enfants
Robe enfant,6 000,"location_onCambérène, Dakar, Sénégal",https://images.coinafrique.com/thumb_4666224_uploaded_image1_1711745782.jpg,Vêtements Enfants
Ensemble petit garçon,9 000,"location_onDakar, Sénégal",https://images.coinafrique.com/thumb_4709506_uploaded_image1_1713995931.jpg,Vêtements Enfants
Ensemble crop top,12 000,"location_onDakar, Sénégal",https://images.coinafrique.com/thumb_4709483_uploaded_image1_1713995121.jpg,Vêtements Enfants
Ensemble maillot de bain,9 000,"location_onDakar, Sénégal",https://images.coinafrique.com/thumb_4709459_uploaded_image1_1713994419.jpg,Vêtements Enfants
Robes enfants,10 000,"location_onGrand Yoff, Dakar, Sénégal",https://images.coinafrique.com/thumb_4667155_uploaded_image1_1711816360.jpg,Vêtements Enfants
Robes en basin enfants,10 000,"location_onGrand Yoff, Dakar, Sénégal",https://images.coinafrique.com/thumb_4667140_uploaded_image1_1711815203.jpg,Vêtements Enfants
Robes basine et brodé enfant,10 000,"location_onGrand Yoff, Dakar, Sénégal",https://images.coinafrique.com/thumb_4667139_uploaded_image1_1711815054.jpg,Vêtements Enfants
Robes enfant basin et brodé,10 000,"location_onGrand Yoff, Dakar, Sénégal",https://images.coinafrique.com/thumb_4667136_uploaded_image1_1711814665.jpg,Vêtements Enfants
Vêtements enfants,7 000,"location_onColobane, Dakar, Sénégal",https://images.coinafrique.com/thumb_4659704_uploaded_image1_1711412034.jpg,Vêtements Enfants
Ensemble robe enfants,5 000,"location_onColobane, Dakar, Sénégal",https://images.coinafrique.com/thumb_4659695_uploaded_image1_1711411505.jpg,Vêtements Enfants
Vêtements enfants,5 000,"location_onColobane, Dakar, Sénégal",https://images.coinafrique.com/thumb_4659699_uploaded_image1_1711411751.jpg,Vêtements Enfants
Ensemble pour enfants,5 000,"location_onColobane, Dakar, Sénégal",https://images.coinafrique.com/thumb_4659694_uploaded_image1_1711411367.jpg,Vêtements Enfants
Pantalons enfant,6 000,"location_onColobane, Dakar, Sénégal",https://images.coinafrique.com/thumb_4659691_uploaded_image1_1711411286.jpg,Vêtements Enfants
Robe Turquie  enfants,7 000,"location_onColobane, Dakar, Sénégal",https://images.coinafrique.com/thumb_4653806_uploaded_image1_1711066086.jpg,Vêtements Enfants
Djellaba enfant,6 000,"location_onColobane, Dakar, Sénégal",https://images.coinafrique.com/thumb_4651640_uploaded_image1_1710950622.jpg,Vêtements Enfants
Ensemble 3 pièces  enfants,20 000,"location_onColobane, Dakar, Sénégal",https://images.coinafrique.com/thumb_4651598_uploaded_image1_1710949536.jpg,Vêtements Enfants
Vetements enfant,10 000,"location_onColobane, Dakar, Sénégal",https://images.coinafrique.com/thumb_4645364_uploaded_image1_1710623336.jpg,Vêtements Enfants
Djellaba enfant,13 000,"location_onColobane, Dakar, Sénégal",https://images.coinafrique.com/thumb_4645145_uploaded_image1_1710608095.jpg,Vêtements Enfants
Ensemble  enfants,13 000,"location_onColobane, Dakar, Sénégal",https://images.coinafrique.com/thumb_4643810_uploaded_image1_1710528700.jpg,Vêtements Enfants
Robe enfant,5 000,"location_onParcelle Assainies, Dakar, Sénégal",https://images.coinafrique.com/thumb_4686601_uploaded_image1_1712843423.jpg,Vêtements Enfants
Robe enfant,4 000,"location_onParcelle Assainies, Dakar, Sénégal",https://images.coinafrique.com/thumb_4686597_uploaded_image1_1712843301.jpg,Vêtements Enfants
Vêtements enfants,3 000,"location_onParcelle Assainies, Dakar, Sénégal",https://images.coinafrique.com/thumb_4686588_uploaded_image1_1712843043.jpg,Vêtements Enfants
Vêtements enfants,1 700,"location_onParcelle Assainies, Dakar, Sénégal",https://images.coinafrique.com/thumb_4686576_uploaded_image1_1712842903.jpg,Vêtements Enfants
Vêtements enfants,1 500,"location_onParcelle Assainies, Dakar, Sénégal",https://images.coinafrique.com/thumb_4686563_uploaded_image1_1712842706.jpg,Vêtements Enfants
Djellaba enfant,18 000,"location_onColobane, Dakar, Sénégal",https://images.coinafrique.com/thumb_4639600_uploaded_image1_1710311876.jpg,Vêtements Enfants
Djellaba enfant,15 000,"location_onColobane, Dakar, Sénégal",https://images.coinafrique.com/thumb_4639590_uploaded_image1_1710311581.jpg,Vêtements Enfants
Vêtements enfant,9 500,"location_onDakar, Sénégal",https://images.coinafrique.com/thumb_4677506_uploaded_image1_1712318751.jpg,Vêtements Enfants
Djellaba enfants,20 000,"location_onDieuppeul-Derklé, Dakar, Sénégal",https://images.coinafrique.com/thumb_4676613_uploaded_image1_1712271072.jpg,Vêtements Enfants
Silip enfants,2 500,"location_onMermoz-Sacré Coeur, Dakar, Sénégal",https://images.coinafrique.com/thumb_4672209_uploaded_image1_1712088527.jpg,Vêtements Enfants
Pack Jelleba pour enfant,15 000,"location_onMbao, Dakar, Sénégal",https://images.coinafrique.com/thumb_4655936_uploaded_image1_1711198926.jpg,Vêtements Enfants
Djellaba enfant,5 000,"location_onColobane, Dakar, Sénégal",https://images.coinafrique.com/thumb_4608935_uploaded_image1_1708714886.jpg,Vêtements Enfants
Robe femme,15 000,"location_onParcelle Assainies, Dakar, Sénégal",https://images.coinafrique.com/thumb_4652500_uploaded_image1_1711013502.jpg,Vêtements Enfants
Robe fille,15 000,"location_onMedina, Dakar, Sénégal",https://images.coinafrique.com/thumb_4651732_uploaded_image1_1710953991.jpg,Vêtements Enfants
Djellaba enfants,12 000,"location_onColobane, Dakar, Sénégal",https://images.coinafrique.com/thumb_4600870_uploaded_image1_1708347775.jpg,Vêtements Enfants
Djellaba enfants,12 000,"location_onColobane, Dakar, Sénégal",https://images.coinafrique.com/thumb_4600864_uploaded_image1_1708347454.jpg,Vêtements Enfants
Djellaba enfants,12 000,"location_onColobane, Dakar, Sénégal",https://images.coinafrique.com/thumb_4600865_uploaded_image1_1708347569.jpg,Vêtements Enfants
Djellaba enfants,12 000,"location_onColobane, Dakar, Sénégal",https://images.coinafrique.com/thumb_4600868_uploaded_image1_1708347690.jpg,Vêtements Enfants
Vêtements bébé,Prix sur demande,"location_onDakar, Sénégal",https://images.coinafrique.com/thumb_4624772_uploaded_image2_1709562313.jpeg,Vêtements Enfants
Grenouillère,Prix sur demande,"location_onDakar, Sénégal",https://images.coinafrique.com/thumb_4623255_uploaded_image2_1709484828.jpeg,Vêtements Enfants
Tenue anniversaire enfant,Prix sur demande,"location_onDakar, Sénégal",https://images.coinafrique.com/thumb_4623058_uploaded_image1_1709473724.jpg,Vêtements Enfants
Robes enfant,15 000,"location_onMedina, Dakar, Sénégal",https://images.coinafrique.com/thumb_4623032_uploaded_image1_1709472242.jpg,Vêtements Enfants
Vêtements enfant,Prix sur demande,"location_onColobane, Dakar, Sénégal",https://images.coinafrique.com/thumb_4615109_uploaded_image1_1709070529.jpg,Vêtements Enfants
Ensemble filles,5 000,"location_onSicap Liberté, Dakar, Sénégal",https://images.coinafrique.com/thumb_4615094_uploaded_image1_1709070182.jpg,Vêtements Enfants
Coffret naissance,15 000,"location_onSipres, Dakar, Sénégal",https://images.coinafrique.com/thumb_4608080_uploaded_image1_1708687411.jpg,Vêtements Enfants
Robe enfant,9 000,"location_onDieuppeul-Derklé, Dakar, Sénégal",https://images.coinafrique.com/thumb_4607426_uploaded_image1_1708642698.jpg,Vêtements Enfants
Grenouillère,3 500,"location_onDieuppeul-Derklé, Dakar, Sénégal",https://images.coinafrique.com/thumb_4606506_uploaded_image1_1708607013.jpg,Vêtements Enfants
Pantalon friperie enfants,3 000,"location_onColobane, Dakar, Sénégal",https://images.coinafrique.com/thumb_4604387_uploaded_image1_1708513793.jpg,Vêtements Enfants
Pantalon friperie enfants,3 000,"location_onColobane, Dakar, Sénégal",https://images.coinafrique.com/thumb_4604385_uploaded_image1_1708513782.jpg,Vêtements Enfants
Pantalon friperie enfants,3 000,"location_onColobane, Dakar, Sénégal",https://images.coinafrique.com/thumb_4604379_uploaded_image1_1708513648.jpg,Vêtements Enfants
Pantalon enfant friperie,3 000,"location_onColobane, Dakar, Sénégal",https://images.coinafrique.com/thumb_4604378_uploaded_image1_1708513583.jpg,Vêtements Enfants
Blouson enfants,8 500,"location_onColobane, Dakar, Sénégal",https://images.coinafrique.com/thumb_4556181_uploaded_image1_1705852562.jpg,Vêtements Enfants
Robe bébé 0 - 9 mois,2 000,"location_onThies, Sénégal",https://images.coinafrique.com/thumb_4588746_uploaded_image1_1707650951.jpg,Vêtements Enfants
Vêtements pour bébé,500,"location_onSicap Liberté, Dakar, Sénégal",https://images.coinafrique.com/thumb_4585357_uploaded_image1_1707428281.jpg,Vêtements Enfants
Ensemble blouson pour fille,4 000,"location_onThies, Sénégal",https://images.coinafrique.com/thumb_4577293_uploaded_image1_1707012822.jpg,Vêtements Enfants
Vêtement enfant,8 500,"location_onKeur Massar, Sénégal",https://images.coinafrique.com/thumb_4571573_uploaded_image1_1706729137.jpg,Vêtements Enfants
Vêtement enfant,8 500,"location_onKeur Massar, Sénégal",https://images.coinafrique.com/thumb_4571570_uploaded_image1_1706729054.jpg,Vêtements Enfants
Vêtement enfant,10 000,"location_onKeur Massar, Sénégal",https://images.coinafrique.com/thumb_4571564_uploaded_image1_1706728937.jpg,Vêtements Enfants
Vetements  enfants,8 000,"location_onColobane, Dakar, Sénégal",https://images.coinafrique.com/thumb_4519620_uploaded_image1_1703885107.jpg,Vêtements Enfants
Ensemble enfant,6 000,"location_onDakar Plateau, Dakar, Sénégal",https://images.coinafrique.com/thumb_4512928_uploaded_image1_1703449636.jpg,Vêtements Enfants
Vetement enfants,8 000,"location_onColobane, Dakar, Sénégal",https://images.coinafrique.com/thumb_4510412_uploaded_image1_1703252917.jpg,Vêtements Enfants
Vêtements enfants,8 000,"location_onColobane, Dakar, Sénégal",https://images.coinafrique.com/thumb_4510416_uploaded_image1_1703253068.jpg,Vêtements Enfants
Blouson pour enfant 4 - 15 ans,8 000,"location_onColobane, Dakar, Sénégal",https://images.coinafrique.com/thumb_4505009_uploaded_image1_1702930372.jpg,Vêtements Enfants
Ensemble blouson pour fille,5 500,"location_onThies, Sénégal",https://images.coinafrique.com/thumb_4538922_uploaded_image1_1704933290.jpg,Vêtements Enfants
Blouson pour fille,6 000,"location_onAlmadies, Dakar, Sénégal",https://images.coinafrique.com/thumb_4527014_uploaded_image1_1704375688.jpg,Vêtements Enfants
Pull enfant avec capuche,5 000,"location_onThies, Sénégal",https://images.coinafrique.com/thumb_4522850_uploaded_image1_1704190687.jpg,Vêtements Enfants
Pull pour enfant,5 000,"location_onThies, Sénégal",https://images.coinafrique.com/thumb_4522837_uploaded_image1_1704190481.jpg,Vêtements Enfants
Friperie enfants,Prix sur demande,"location_onColobane, Dakar, Sénégal",https://images.coinafrique.com/thumb_4517974_uploaded_image2_1703783715.jpeg,Vêtements Enfants
Friperie enfants,Prix sur demande,"location_onColobane, Dakar, Sénégal",https://images.coinafrique.com/thumb_4516547_uploaded_image1_1703706216.jpg,Vêtements Enfants
Friperie enfants,Prix sur demande,"location_onColobane, Dakar, Sénégal",https://images.coinafrique.com/thumb_4513354_uploaded_image3_1703506745.jpeg,Vêtements Enfants
Blouson enfant,5 000,"location_onYoff, Dakar, Sénégal",https://images.coinafrique.com/thumb_4511874_uploaded_image1_1703350100.jpg,Vêtements Enfants
Blouson enfant,5 500,"location_onYoff, Dakar, Sénégal",https://images.coinafrique.com/thumb_4511870_uploaded_image1_1703349818.jpg,Vêtements Enfants
Ensemble enfants 2 - 6ans,8 000,"location_onColobane, Dakar, Sénégal",https://images.coinafrique.com/thumb_4464056_uploaded_image1_1700401019.jpg,Vêtements Enfants
Ensemble enfant,Prix sur demande,"location_onDakar Plateau, Dakar, Sénégal",https://images.coinafrique.com/thumb_4455065_uploaded_image1_1699814184.jpg,Vêtements Enfants
Ensemble veste pour enfant,23 000,"location_onDakar, Sénégal",https://images.coinafrique.com/thumb_4479762_uploaded_image1_1701402947.jpg,Vêtements Enfants
Slips enfants,7 000,"location_onMermoz-Sacré Coeur, Dakar, Sénégal",https://images.coinafrique.com/thumb_4467057_uploaded_image1_1700591564.jpg,Vêtements Enfants
Polos  Lacoste enfants,4 500,"location_onDakar Plateau, Dakar, Sénégal",https://images.coinafrique.com/thumb_4394815_uploaded_image1_1695942580.jpg,Vêtements Enfants
Vêtement enfant,4 500,"location_onDakar Plateau, Dakar, Sénégal",https://images.coinafrique.com/thumb_4394813_uploaded_image1_1695942485.jpg,Vêtements Enfants
Jeans  pour enfants,6 000,"location_onColobane, Dakar, Sénégal",https://images.coinafrique.com/thumb_4397937_uploaded_image1_1696183097.jpg,Vêtements Enfants
Robe enfant,15 000,"location_onDakar, Sénégal",https://images.coinafrique.com/thumb_4430601_uploaded_image1_1698283193.jpg,Vêtements Enfants
Robe de prière enfant,2 500,"location_onDakar, Sénégal",https://images.coinafrique.com/thumb_4421455_uploaded_image1_1697627353.jpg,Vêtements Enfants
Bambinerie enfant,Prix sur demande,"location_onMermoz-Sacré Coeur, Dakar, Sénégal",https://images.coinafrique.com/thumb_4416818_uploaded_image3_1697296868.jpeg,Vêtements Enfants
Pantalon pour enfants,2 500,"location_onDakar, Sénégal",https://images.coinafrique.com/thumb_4405127_uploaded_image1_1696582094.jpg,Vêtements Enfants
Polo Lacoste enfant,1 500,"location_onDakar, Sénégal",https://images.coinafrique.com/thumb_4405119_uploaded_image1_1696581900.jpg,Vêtements Enfants
Ensemble enfant,13 000,"location_onDakar, Sénégal",https://images.coinafrique.com/thumb_4402991_uploaded_image1_1696452237.jpg,Vêtements Enfants
Ensemble 2 pièces pour fille,14 000,"location_onDakar, Sénégal",https://images.coinafrique.com/thumb_4402284_uploaded_image1_1696423054.jpg,Vêtements Enfants
Vêtements fille,4 000,"location_onDakar Plateau, Dakar, Sénégal",https://images.coinafrique.com/thumb_4350530_uploaded_image1_1692994986.jpg,Vêtements Enfants
Short enfant,Prix sur demande,"location_onColobane, Dakar, Sénégal",https://images.coinafrique.com/thumb_4381693_uploaded_image1_1695062191.jpg,Vêtements Enfants
Robe enfant,9 300,"location_onNgor, Dakar, Sénégal",https://images.coinafrique.com/thumb_4342288_uploaded_image1_1692460517.jpg,Vêtements Enfants
Vêtements enfants,Prix sur demande,"location_onColobane, Dakar, Sénégal",https://images.coinafrique.com/thumb_4375138_uploaded_image1_1694611073.jpg,Vêtements Enfants
Vêtement enfant,Prix sur demande,"location_onColobane, Dakar, Sénégal",https://images.coinafrique.com/thumb_4375129_uploaded_image1_1694610764.jpg,Vêtements Enfants
Vêtements friperies  enfant,Prix sur demande,"location_onColobane, Dakar, Sénégal",https://images.coinafrique.com/thumb_4375124_uploaded_image1_1694610661.jpg,Vêtements Enfants
Ensemble vêtement enfant,15 300,"location_onNgor, Dakar, Sénégal",https://images.coinafrique.com/thumb_4340725_uploaded_image1_1692365333.jpg,Vêtements Enfants
T-shirt,9 000,"location_onNgor, Dakar, Sénégal",https://images.coinafrique.com/thumb_4340716_uploaded_image1_1692364927.jpg,Vêtements Enfants
Vêtement enfant,6 500,"location_onDakar Plateau, Dakar, Sénégal",https://images.coinafrique.com/thumb_4333845_uploaded_image1_1691951676.jpg,Vêtements Enfants
Vêtement enfants,6 500,"location_onDakar Plateau, Dakar, Sénégal",https://images.coinafrique.com/thumb_4330580_uploaded_image1_1691701473.jpg,Vêtements Enfants
Vêtement  enfant,Prix sur demande,"location_onDakar Plateau, Dakar, Sénégal",https://images.coinafrique.com/thumb_4330576_uploaded_image1_1691701385.jpg,Vêtements Enfants
Vêtement enfant,4 500,"location_onDakar Plateau, Dakar, Sénégal",https://images.coinafrique.com/thumb_4327566_uploaded_image1_1691526561.jpg,Vêtements Enfants
Maillot enfant,2 000,"location_onThies, Sénégal",https://images.coinafrique.com/thumb_4344836_uploaded_image1_1692651906.jpg,Vêtements Enfants
Vêtements enfants,2 000,"location_onColobane, Dakar, Sénégal",https://images.coinafrique.com/thumb_4314416_uploaded_image1_1690724018.jpg,Vêtements Enfants
Couette bébé,Prix sur demande,"location_onHLM, Dakar, Sénégal",https://images.coinafrique.com/thumb_4338195_uploaded_image1_1692223604.jpg,Vêtements Enfants
Djellaba enfants,8 500,"location_onColobane, Dakar, Sénégal",https://images.coinafrique.com/thumb_4288629_uploaded_image1_1688997320.jpg,Vêtements Enfants
Pyjama bébé,6 000,"location_onDakar, Sénégal",https://images.coinafrique.com/thumb_4316063_uploaded_image2_1690843428.jpeg,Vêtements Enfants
Culotte Berksha enfant,15 000,"location_onNgor, Dakar, Sénégal",https://images.coinafrique.com/thumb_4304204_uploaded_image1_1690023768.jpg,Vêtements Enfants
Vêtements enfants,8 000,"location_onColobane, Dakar, Sénégal",https://images.coinafrique.com/thumb_4268608_uploaded_image1_1687563200.jpg,Vêtements Enfants
Vêtements enfants,8 000,"location_onColobane, Dakar, Sénégal",https://images.coinafrique.com/thumb_4268605_uploaded_image1_1687563103.jpg,Vêtements Enfants
Vêtements enfants,Prix sur demande,"location_onColobane, Dakar, Sénégal",https://images.coinafrique.com/thumb_4267930_uploaded_image1_1687524110.jpg,Vêtements Enfants
Ensemble pour enfants,10 000,"location_onColobane, Dakar, Sénégal",https://images.coinafrique.com/thumb_4267915_uploaded_image1_1687523597.jpg,Vêtements Enfants
Vêtements enfants,8 000,"location_onColobane, Dakar, Sénégal",https://images.coinafrique.com/thumb_4266992_uploaded_image1_1687458981.jpg,Vêtements Enfants
Vêtements enfants,7 000,"location_onColobane, Dakar, Sénégal",https://images.coinafrique.com/thumb_4265951_uploaded_image1_1687419299.jpg,Vêtements Enfants
Pantalon en coton,6 500,"location_onDakar, Sénégal",https://images.coinafrique.com/thumb_4284180_uploaded_image2_1688677380.jpeg,Vêtements Enfants
Hijab enfant,Prix sur demande,"location_onGuediawaye, Dakar, Sénégal",https://images.coinafrique.com/thumb_4280858_uploaded_image1_1688492406.jpg,Vêtements Enfants
Robe enfant,Prix sur demande,"location_onMermoz-Sacré Coeur, Dakar, Sénégal",https://images.coinafrique.com/thumb_4273754_uploaded_image1_1687981649.jpg,Vêtements Enfants
Maillots enfants,10 000,"location_onDakar Plateau, Dakar, Sénégal",https://images.coinafrique.com/thumb_4267451_uploaded_image1_1687487532.jpg,Vêtements Enfants
Sous vêtements   enfants,13 000,"location_onDakar, Sénégal",https://images.coinafrique.com/thumb_4224162_uploaded_image1_1684629308.jpg,Vêtements Enfants
Vêtements friperie enfant,Prix sur demande,"location_onColobane, Dakar, Sénégal",https://images.coinafrique.com/thumb_4258723_uploaded_image1_1686906445.jpg,Vêtements Enfants
Ensemble enfant,Prix sur demande,"location_onColobane, Dakar, Sénégal",https://images.coinafrique.com/thumb_4258722_uploaded_image3_1686906376.jpeg,Vêtements Enfants
Pantalons enfant,Prix sur demande,"location_onColobane, Dakar, Sénégal",https://images.coinafrique.com/thumb_4258717_uploaded_image2_1686906277.jpeg,Vêtements Enfants
Vêtements friperie enfant,Prix sur demande,"location_onColobane, Dakar, Sénégal",https://images.coinafrique.com/thumb_4258716_uploaded_image1_1686906201.jpg,Vêtements Enfants
Vêtements friperie enfant,Prix sur demande,"location_onColobane, Dakar, Sénégal",https://images.coinafrique.com/thumb_4258714_uploaded_image1_1686906133.jpg,Vêtements Enfants
Maillot enfant,Prix sur demande,"location_onParcelle Assainies, Dakar, Sénégal",https://images.coinafrique.com/thumb_4236342_uploaded_image1_1685480812.jpg,Vêtements Enfants
Robes enfant,Prix sur demande,"location_onHLM, Dakar, Sénégal",https://images.coinafrique.com/thumb_4223428_uploaded_image1_1684582026.jpg,Vêtements Enfants
Robes enfant,Prix sur demande,"location_onHLM, Dakar, Sénégal",https://images.coinafrique.com/thumb_4223425_uploaded_image3_1684581867.jpeg,Vêtements Enfants
Vêtements enfants 3 piéces,12 000,"location_onColobane, Dakar, Sénégal",https://images.coinafrique.com/thumb_4172007_uploaded_image1_1681208524.jpg,Vêtements Enfants
Robe enfants,15 000,"location_onColobane, Dakar, Sénégal",https://images.coinafrique.com/thumb_4168633_uploaded_image1_1680958304.jpg,Vêtements Enfants
Robe enfants,15 000,"location_onColobane, Dakar, Sénégal",https://images.coinafrique.com/thumb_4168626_uploaded_image1_1680958148.jpg,Vêtements Enfants
Vêtements enfants Turquie,20 000,"location_onColobane, Dakar, Sénégal",https://images.coinafrique.com/thumb_4167331_uploaded_image1_1680874307.jpg,Vêtements Enfants
Vêtements enfants Turquie,18 000,"location_onColobane, Dakar, Sénégal",https://images.coinafrique.com/thumb_4167321_uploaded_image1_1680873861.jpg,Vêtements Enfants
Vêtements enfants Turquie,20 000,"location_onColobane, Dakar, Sénégal",https://images.coinafrique.com/thumb_4167311_uploaded_image1_1680873676.jpg,Vêtements Enfants
Vêtement enfant,Prix sur demande,"location_onHLM, Dakar, Sénégal",https://images.coinafrique.com/thumb_4166510_uploaded_image1_1680822103.jpg,Vêtements Enfants
Survetmemt pour enfants,1 000,"location_onColobane, Dakar, Sénégal",https://images.coinafrique.com/thumb_4165543_uploaded_image1_1680781784.jpg,Vêtements Enfants
Jeans baladeurs enfant,7 000,"location_onColobane, Dakar, Sénégal",https://images.coinafrique.com/thumb_4157493_uploaded_image1_1680338403.jpg,Vêtements Enfants
Ensemble enfants,4 500,"location_onDakar Plateau, Dakar, Sénégal",https://images.coinafrique.com/thumb_4153014_uploaded_image1_1680040385.jpg,Vêtements Enfants
Robe enfants,10 000,"location_onDakar Plateau, Dakar, Sénégal",https://images.coinafrique.com/thumb_4153017_uploaded_image1_1680040477.jpg,Vêtements Enfants
Vêtements enfants,8 000,"location_onColobane, Dakar, Sénégal",https://images.coinafrique.com/thumb_4154892_uploaded_image1_1680171892.jpg,Vêtements Enfants
Emsemble coton enfants,8 000,"location_onColobane, Dakar, Sénégal",https://images.coinafrique.com/thumb_4154884_uploaded_image1_1680171641.jpg,Vêtements Enfants
Vêtements enfant,9 000,"location_onColobane, Dakar, Sénégal",https://images.coinafrique.com/thumb_4154876_uploaded_image1_1680171312.jpg,Vêtements Enfants
Jeans pour enfants garçon,6 000,"location_onColobane, Dakar, Sénégal",https://images.coinafrique.com/thumb_4154870_uploaded_image1_1680171128.jpg,Vêtements Enfants
Jeans pour enfants filles,7 000,"location_onColobane, Dakar, Sénégal",https://images.coinafrique.com/thumb_4154864_uploaded_image1_1680170947.jpg,Vêtements Enfants
Jeans pour enfants garçon,6 000,"location_onColobane, Dakar, Sénégal",https://images.coinafrique.com/thumb_4154867_uploaded_image1_1680171042.jpg,Vêtements Enfants
Robe pour enfants,10 000,"location_onColobane, Dakar, Sénégal",https://images.coinafrique.com/thumb_4154854_uploaded_image1_1680170186.jpg,Vêtements Enfants
Vêtements enfant,Prix sur demande,"location_onDakar, Sénégal",https://images.coinafrique.com/thumb_4187195_uploaded_image1_1682250912.jpg,Vêtements Enfants
Cole pour enfants,2 000,"location_onColobane, Dakar, Sénégal",https://images.coinafrique.com/thumb_4126921_uploaded_image1_1678367548.jpg,Vêtements Enfants
Vêtement  enfant,Prix sur demande,"location_onHLM, Dakar, Sénégal",https://images.coinafrique.com/thumb_4158777_uploaded_image1_1680396815.jpg,Vêtements Enfants
Vêtement enfant,Prix sur demande,"location_onHLM, Dakar, Sénégal",https://images.coinafrique.com/thumb_4158775_uploaded_image1_1680396659.jpg,Vêtements Enfants
Vêtement enfant,Prix sur demande,"location_onHLM, Dakar, Sénégal",https://images.coinafrique.com/thumb_4158770_uploaded_image1_1680396418.jpg,Vêtements Enfants
Ensemble enfants,5 000,"location_onColobane, Dakar, Sénégal",https://images.coinafrique.com/thumb_4117238_uploaded_image1_1677785061.jpg,Vêtements Enfants
Robe enfant,8 000,"location_onHLM, Dakar, Sénégal",https://images.coinafrique.com/thumb_4150089_uploaded_image1_1679864882.jpg,Vêtements Enfants
Vêtement enfant,10 000,"location_onDakar, Sénégal",https://images.coinafrique.com/thumb_4101121_uploaded_image1_1676811904.jpg,Vêtements Enfants
Robes enfants,Prix sur demande,"location_onHLM, Dakar, Sénégal",https://images.coinafrique.com/thumb_4111932_uploaded_image1_1677528700.jpg,Vêtements Enfants
Vêtement enfant,5 000,"location_onColobane, Dakar, Sénégal",https://images.coinafrique.com/thumb_4065291_uploaded_image1_1674673177.jpg,Vêtements Enfants
Ensemble enfants,8 000,"location_onDakar Plateau, Dakar, Sénégal",https://images.coinafrique.com/thumb_4060125_uploaded_image1_1674340224.jpg,Vêtements Enfants
Ensemble enfants,7 000,"location_onDakar Plateau, Dakar, Sénégal",https://images.coinafrique.com/thumb_4044065_uploaded_image1_1673390538.jpg,Vêtements Enfants
Vêtements enfant,10 000,"location_onSicap foire, Dakar, Sénégal",https://images.coinafrique.com/thumb_4083613_uploaded_image2_1675754458.jpeg,Vêtements Enfants
Ensemble enfant,4 000,"location_onMermoz-Sacré Coeur, Dakar, Sénégal",https://images.coinafrique.com/thumb_4083084_uploaded_image1_1675711069.jpg,Vêtements Enfants
Ensemble enfants,Prix sur demande,"location_onHLM, Dakar, Sénégal",https://images.coinafrique.com/thumb_4042129_uploaded_image1_1673293586.jpg,Vêtements Enfants
Ensemble enfants,Prix sur demande,"location_onHLM, Dakar, Sénégal",https://images.coinafrique.com/thumb_4042132_uploaded_image1_1673293667.jpg,Vêtements Enfants
Ensemble enfants,7 000,"location_onDakar Plateau, Dakar, Sénégal",https://images.coinafrique.com/thumb_4038305_uploaded_image1_1673043715.jpg,Vêtements Enfants
Vêtement friperie enfant,6 000,"location_onColobane, Dakar, Sénégal",https://images.coinafrique.com/thumb_4072975_uploaded_image1_1675197514.jpg,Vêtements Enfants
Greniers enfants,1 000,"location_onColobane, Dakar, Sénégal",https://images.coinafrique.com/thumb_4072974_uploaded_image1_1675197428.jpg,Vêtements Enfants
Friperie enfants,Prix sur demande,"location_onColobane, Dakar, Sénégal",https://images.coinafrique.com/thumb_4072973_uploaded_image1_1675197383.jpg,Vêtements Enfants
Friperie peignoir enfants,3 000,"location_onColobane, Dakar, Sénégal",https://images.coinafrique.com/thumb_4072972_uploaded_image1_1675197339.jpg,Vêtements Enfants
Friperie enfants,6 000,"location_onColobane, Dakar, Sénégal",https://images.coinafrique.com/thumb_4072971_uploaded_image1_1675197283.jpg,Vêtements Enfants
Vêtements enfants,8 500,"location_onColobane, Dakar, Sénégal",https://images.coinafrique.com/thumb_4034624_uploaded_image1_1672861115.jpg,Vêtements Enfants
Vêtements enfant,8 000,"location_onColobane, Dakar, Sénégal",https://images.coinafrique.com/thumb_4033667_uploaded_image1_1672829952.jpg,Vêtements Enfants
Vêtements enfants,8 000,"location_onColobane, Dakar, Sénégal",https://images.coinafrique.com/thumb_4033672_uploaded_image1_1672830064.jpg,Vêtements Enfants
Ensemble enfants,7 000,"location_onDakar Plateau, Dakar, Sénégal",https://images.coinafrique.com/thumb_4028243_uploaded_image1_1672407438.jpg,Vêtements Enfants
Vêtements  enfant,1 000,"location_onAlmadies, Dakar, Sénégal",https://images.coinafrique.com/thumb_4061049_uploaded_image1_1674420676.jpg,Vêtements Enfants
Vêtements enfants,1 000,"location_onAlmadies, Dakar, Sénégal",https://images.coinafrique.com/thumb_4061042_uploaded_image1_1674420399.jpg,Vêtements Enfants
Fliperies enfants,500,"location_onAlmadies, Dakar, Sénégal",https://images.coinafrique.com/thumb_4061027_uploaded_image1_1674419234.jpg,Vêtements Enfants
Ensemble enfants,3 000,"location_onThies, Sénégal",https://images.coinafrique.com/thumb_4054351_uploaded_image1_1673991497.jpg,Vêtements Enfants
Ensemble enfant,8 000,"location_onDakar Plateau, Dakar, Sénégal",https://images.coinafrique.com/thumb_4011467_uploaded_image1_1671194364.jpg,Vêtements Enfants
Ensemble enfant,Prix sur demande,"location_onDakar Plateau, Dakar, Sénégal",https://images.coinafrique.com/thumb_4010007_uploaded_image1_1671112400.jpg,Vêtements Enfants
Blouson enfant,Prix sur demande,"location_onColobane, Dakar, Sénégal",https://images.coinafrique.com/thumb_3997872_uploaded_image1_1670412272.jpg,Vêtements Enfants
Blouson enfant,Prix sur demande,"location_onColobane, Dakar, Sénégal",https://images.coinafrique.com/thumb_3996986_uploaded_image1_1670352146.jpg,Vêtements Enfants
Ensemble enfants,8 000,"location_onDakar Plateau, Dakar, Sénégal",https://images.coinafrique.com/thumb_3993222_uploaded_image1_1670158523.jpg,Vêtements Enfants
Ensemble enfants,8 000,"location_onDakar Plateau, Dakar, Sénégal",https://images.coinafrique.com/thumb_3992649_uploaded_image1_1670106947.jpg,Vêtements Enfants
T-shirts enfants,Prix sur demande,"location_onDakar Plateau, Dakar, Sénégal",https://images.coinafrique.com/thumb_3985573_uploaded_image1_1669758455.jpg,Vêtements Enfants
Ensemble enfant,7 000,"location_onDakar Plateau, Dakar, Sénégal",https://images.coinafrique.com/thumb_3980382_uploaded_image1_1669402241.jpg,Vêtements Enfants
Ensemble velours enfant,7 500,"location_onColobane, Dakar, Sénégal",https://images.coinafrique.com/thumb_3981018_uploaded_image1_1669456009.jpg,Vêtements Enfants
Ensemble en velours,7 500,"location_onColobane, Dakar, Sénégal",https://images.coinafrique.com/thumb_3980114_uploaded_image1_1669389815.jpg,Vêtements Enfants
Habits enfants,3 000,"location_onBambey, Sénégal",https://images.coinafrique.com/thumb_4010206_uploaded_image1_1671121329.jpg,Vêtements Enfants
Ensemble enfant,8 000,"location_onDakar Plateau, Dakar, Sénégal",https://images.coinafrique.com/thumb_3963440_uploaded_image1_1668361934.jpg,Vêtements Enfants
Ensemble enfant,8 000,"location_onDakar Plateau, Dakar, Sénégal",https://images.coinafrique.com/thumb_3963439_uploaded_image1_1668361869.jpg,Vêtements Enfants
Ensemble enfant friperie,1 000,"location_onColobane, Dakar, Sénégal",https://images.coinafrique.com/thumb_4000087_uploaded_image1_1670513612.jpg,Vêtements Enfants
Pull enfant friperie,Prix sur demande,"location_onColobane, Dakar, Sénégal",https://images.coinafrique.com/thumb_4000076_uploaded_image2_1670513327.jpeg,Vêtements Enfants
Maillots Sénégal enfants,10 000,"location_onDieuppeul-Derklé, Dakar, Sénégal",https://images.coinafrique.com/thumb_3991237_uploaded_image1_1670029654.jpg,Vêtements Enfants
Ensemble Robe enfants,28 000,"location_onDakar, Sénégal",https://images.coinafrique.com/thumb_3990865_uploaded_image1_1670005692.jpg,Vêtements Enfants
Costume garçon,27 000,"location_onDakar, Sénégal",https://images.coinafrique.com/thumb_3990863_uploaded_image1_1670005513.jpg,Vêtements Enfants
Costume garçon,28 000,"location_onDakar, Sénégal",https://images.coinafrique.com/thumb_3990860_uploaded_image1_1670005358.jpg,Vêtements Enfants
Vêtements enfant,Prix sur demande,"location_onGuediawaye, Dakar, Sénégal",https://images.coinafrique.com/thumb_3981315_uploaded_image1_1669469071.jpg,Vêtements Enfants
Vêtements Enfant,Prix sur demande,"location_onDakar, Sénégal",https://images.coinafrique.com/thumb_3933191_uploaded_image1_1666560773.jpg,Vêtements Enfants
Vêtements friperies  enfant,Prix sur demande,"location_onColobane, Dakar, Sénégal",https://images.coinafrique.com/thumb_3968398_uploaded_image1_1668639636.jpg,Vêtements Enfants
Maillots Sénégal enfant,10 000,"location_onDieuppeul-Derklé, Dakar, Sénégal",https://images.coinafrique.com/thumb_3954905_uploaded_image1_1667839511.jpg,Vêtements Enfants
Ensemble enfants,8 500,"location_onDakar, Sénégal",https://images.coinafrique.com/thumb_3913283_uploaded_image1_1665352048.jpg,Vêtements Enfants
Vêtements enfants,Prix sur demande,"location_onDakar, Sénégal",https://images.coinafrique.com/thumb_3913279_uploaded_image1_1665351880.jpg,Vêtements Enfants
Ensembles pull  enfants,4 000,"location_onCambérène, Dakar, Sénégal",https://images.coinafrique.com/thumb_3941399_uploaded_image1_1667092572.jpg,Vêtements Enfants
Polo pour enfants,8 500,"location_onDakar, Sénégal",https://images.coinafrique.com/thumb_3883008_uploaded_image1_1663536149.jpg,Vêtements Enfants
Robes  enfant,9 000,"location_onMedina, Dakar, Sénégal",https://images.coinafrique.com/thumb_3919617_uploaded_image1_1665702485.jpg,Vêtements Enfants
Vêtements enfant,10 000,"location_onMedina, Dakar, Sénégal",https://images.coinafrique.com/thumb_3919579_uploaded_image1_1665700272.jpg,Vêtements Enfants
Grenouillères,2 000,"location_onMedina, Dakar, Sénégal",https://images.coinafrique.com/thumb_3919556_uploaded_image2_1665704351.jpeg,Vêtements Enfants
Polos enfants,5 000,"location_onDakar, Sénégal",https://images.coinafrique.com/thumb_3913936_uploaded_image1_1665405195.jpg,Vêtements Enfants
Grenouillère,7 500,"location_onDakar, Sénégal",https://images.coinafrique.com/thumb_3913465_uploaded_image3_1665377950.jpeg,Vêtements Enfants
Coffret nouveaux née,10 000,"location_onDakar, Sénégal",https://images.coinafrique.com/thumb_3913427_uploaded_image1_1665364741.jpg,Vêtements Enfants
Ensemble Robe Turquie,11 000,"location_onDakar, Sénégal",https://images.coinafrique.com/thumb_3913424_uploaded_image1_1665364359.jpg,Vêtements Enfants
Peignoir bébé,9 000,"location_onHLM, Dakar, Sénégal",https://images.coinafrique.com/thumb_3861861_uploaded_image1_1662248159.jpg,Vêtements Enfants
Ensembles enfants,7 000,"location_onParcelle Assainies, Dakar, Sénégal",https://images.coinafrique.com/thumb_3899030_uploaded_image1_1664501471.jpg,Vêtements Enfants
Ensemble enfants,6 500,"location_onParcelle Assainies, Dakar, Sénégal",https://images.coinafrique.com/thumb_3899029_uploaded_image1_1664501377.jpg,Vêtements Enfants
Accessoires et vetements bébé,Prix sur demande,"location_onHLM, Dakar, Sénégal",https://images.coinafrique.com/thumb_3858243_uploaded_image1_1662081635.jpg,Vêtements Enfants
Ensemble  3 pièces enfants,16 000,"location_onDakar, Sénégal",https://images.coinafrique.com/thumb_3895855_uploaded_image1_1664312610.jpg,Vêtements Enfants
Barboteuse,6 000,"location_onDakar, Sénégal",https://images.coinafrique.com/thumb_3874861_uploaded_image1_1662992831.jpg,Vêtements Enfants
Pantalon,5 000,"location_onDakar, Sénégal",https://images.coinafrique.com/thumb_3874843_uploaded_image1_1662992214.jpg,Vêtements Enfants
Vêtements enfant,16 000,"location_onDakar, Sénégal",https://images.coinafrique.com/thumb_3886071_uploaded_image2_1663709027.jpeg,Vêtements Enfants
Ensemble enfants,Prix sur demande,"location_onDakar, Sénégal",https://images.coinafrique.com/thumb_3836735_uploaded_image1_1660867040.jpg,Vêtements Enfants
Ensemble enfants,5 000,"location_onDakar, Sénégal",https://images.coinafrique.com/thumb_3829807_uploaded_image1_1660481871.jpg,Vêtements Enfants
Ensemble enfants,5 500,"location_onDakar, Sénégal",https://images.coinafrique.com/thumb_3826455_uploaded_image1_1660258744.jpg,Vêtements Enfants
Vêtements bébé fille,3 000,"location_onKeur Massar, Sénégal",https://images.coinafrique.com/thumb_3871259_uploaded_image1_1662747991.jpg,Vêtements Enfants
Vêtements bébé,3 000,"location_onKeur Massar, Sénégal",https://images.coinafrique.com/thumb_3871253_uploaded_image1_1662747853.jpg,Vêtements Enfants
Vêtements enfant,5 500,"location_onDakar, Sénégal",https://images.coinafrique.com/thumb_3818666_uploaded_image1_1659825338.jpg,Vêtements Enfants
Costumes héros,Prix sur demande,"location_onAlmadies, Dakar, Sénégal",https://images.coinafrique.com/thumb_3862904_uploaded_image1_1662326635.jpg,Vêtements Enfants
Robe d’anniversaire fille,10 000,"location_onDakar Plateau, Dakar, Sénégal",https://images.coinafrique.com/thumb_3853493_uploaded_image1_1661883220.jpg,Vêtements Enfants
Robe d’anniversaire fille,7 000,"location_onDakar Plateau, Dakar, Sénégal",https://images.coinafrique.com/thumb_3853488_uploaded_image1_1661883039.jpg,Vêtements Enfants
Ensemble bandeaux chaussettes,1 500,"location_onDakar, Sénégal",https://images.coinafrique.com/thumb_3813301_uploaded_image1_1659543149.jpg,Vêtements Enfants
Barboteuse,5 000,"location_onDakar, Sénégal",https://images.coinafrique.com/thumb_3813274_uploaded_image1_1659542533.jpg,Vêtements Enfants
Boubou bazin riche,Prix sur demande,"location_onMermoz-Sacré Coeur, Dakar, Sénégal",https://images.coinafrique.com/thumb_3808232_uploaded_image1_1659347593.jpg,Vêtements Enfants
Dessous enfants,Prix sur demande,"location_onMermoz-Sacré Coeur, Dakar, Sénégal",https://images.coinafrique.com/thumb_3848809_uploaded_image1_1661581124.jpg,Vêtements Enfants
Vêtements bébé,3 000,"location_onHLM, Dakar, Sénégal",https://images.coinafrique.com/thumb_3841152_uploaded_image1_1661173639.jpg,Vêtements Enfants
Vêtements bébé,6 000,"location_onHLM, Dakar, Sénégal",https://images.coinafrique.com/thumb_3841108_uploaded_image1_1661172378.jpg,Vêtements Enfants
Vêtements enfants,Prix sur demande,"location_onGuediawaye, Dakar, Sénégal",https://images.coinafrique.com/thumb_3831624_uploaded_image1_1660600357.jpg,Vêtements Enfants
Habits enfants,3 000,"location_onDakar, Sénégal",https://images.coinafrique.com/thumb_3785558_uploaded_image1_1657883008.jpg,Vêtements Enfants
Robe petite fille,8 000,"location_onDakar, Sénégal",https://images.coinafrique.com/thumb_3785563_uploaded_image1_1657883218.jpg,Vêtements Enfants
Jeans enfants,8 000,"location_onDakar, Sénégal",https://images.coinafrique.com/thumb_3785562_uploaded_image1_1657883147.jpg,Vêtements Enfants
Vêtements enfants,8 000,"location_onDakar, Sénégal",https://images.coinafrique.com/thumb_3785559_uploaded_image1_1657883070.jpg,Vêtements Enfants
Habits enfants,7 000,"location_onDakar, Sénégal",https://images.coinafrique.com/thumb_3785557_uploaded_image1_1657882962.jpg,Vêtements Enfants
Robe d'été enfants,2 000,"location_onDakar, Sénégal",https://images.coinafrique.com/thumb_3825327_uploaded_image1_1660216212.jpg,Vêtements Enfants
Ensembles enfants,Prix sur demande,"location_onDakar, Sénégal",https://images.coinafrique.com/thumb_3778201_uploaded_image1_1657304423.jpg,Vêtements Enfants
Ensemble enfants,Prix sur demande,"location_onDakar, Sénégal",https://images.coinafrique.com/thumb_3775607_uploaded_image1_1657150534.jpg,Vêtements Enfants
Vêtement enfant,Prix sur demande,"location_onMermoz-Sacré Coeur, Dakar, Sénégal",https://images.coinafrique.com/thumb_3799617_uploaded_image1_1658807678.jpg,Vêtements Enfants
Costume garçon  - 4 pièces,27 000,"location_onDakar, Sénégal",https://images.coinafrique.com/thumb_3795696_uploaded_image1_1658520434.jpg,Vêtements Enfants
Maillots Sénégal  enfant,10 000,"location_onDieuppeul-Derklé, Dakar, Sénégal",https://images.coinafrique.com/thumb_3794471_uploaded_image1_1658452420.jpg,Vêtements Enfants
Protège-tête,Prix sur demande,"location_onPatte d'oie, Dakar, Sénégal",https://images.coinafrique.com/thumb_3794079_uploaded_image1_1658423773.jpg,Vêtements Enfants
Robe enfant,8 000,"location_onDakar, Sénégal",https://images.coinafrique.com/thumb_3754887_uploaded_image1_1655981354.jpg,Vêtements Enfants
Robe enfant,7 000,"location_onDakar, Sénégal",https://images.coinafrique.com/thumb_3754885_uploaded_image1_1655981294.jpg,Vêtements Enfants
Robe enfant,8 000,"location_onDakar, Sénégal",https://images.coinafrique.com/thumb_3754884_uploaded_image1_1655981242.jpg,Vêtements Enfants
Robe enfant,8 000,"location_onDakar, Sénégal",https://images.coinafrique.com/thumb_3754882_uploaded_image1_1655981151.jpg,Vêtements Enfants
Vêtement enfant,5 000,"location_onDakar, Sénégal",https://images.coinafrique.com/thumb_3753646_uploaded_image1_1655912715.jpg,Vêtements Enfants
Robes enfant,12 000,"location_onDakar, Sénégal",https://images.coinafrique.com/thumb_3753641_uploaded_image1_1655912626.jpg,Vêtements Enfants
Ensemble bébé,4 000,"location_onHLM, Dakar, Sénégal",https://images.coinafrique.com/thumb_3768719_uploaded_image1_1656779104.jpg,Vêtements Enfants
Vêtement enfant,Prix sur demande,"location_onMermoz-Sacré Coeur, Dakar, Sénégal",https://images.coinafrique.com/thumb_3786149_uploaded_image1_1657906956.jpg,Vêtements Enfants
Peignoirs enfants,8 000,"location_onDakar Plateau, Dakar, Sénégal",https://images.coinafrique.com/thumb_3781038_uploaded_image1_1657571200.jpg,Vêtements Enfants
Robes enfants,Prix sur demande,"location_onMermoz-Sacré Coeur, Dakar, Sénégal",https://images.coinafrique.com/thumb_3778481_uploaded_image1_1657328456.jpg,Vêtements Enfants
Ensemble peignoir pour enfants,10 000,"location_onDakar, Sénégal",https://images.coinafrique.com/thumb_3735826_uploaded_image1_1654860349.jpg,Vêtements Enfants
Vêtements bébé,6 000,"location_onHLM, Dakar, Sénégal",https://images.coinafrique.com/thumb_3768713_uploaded_image1_1656778816.jpg,Vêtements Enfants
Robe enfant,Prix sur demande,"location_onKeur Massar, Sénégal",https://images.coinafrique.com/thumb_3761395_uploaded_image3_1656377774.jpeg,Vêtements Enfants
Robe enfant,Prix sur demande,"location_onKeur Massar, Sénégal",https://images.coinafrique.com/thumb_3761389_uploaded_image2_1656377165.jpeg,Vêtements Enfants
Vêtements enfant,5 000,"location_onDakar, Sénégal",https://images.coinafrique.com/thumb_3718353_uploaded_image1_1653956742.jpg,Vêtements Enfants
Robes enfants,15 000,"location_onBiscuiterie, Dakar, Sénégal",https://images.coinafrique.com/thumb_3758410_uploaded_image1_1656180793.jpg,Vêtements Enfants
Sous vêtements bébé,1 500,"location_onDakar, Sénégal",https://images.coinafrique.com/thumb_3715721_uploaded_image1_1653759789.jpg,Vêtements Enfants
Ensemble enfants,3 500,"location_onDakar, Sénégal",https://images.coinafrique.com/thumb_3715720_uploaded_image1_1653759706.jpg,Vêtements Enfants
Chemise Elhadji enfant,Prix sur demande,"location_onDakar, Sénégal",https://images.coinafrique.com/thumb_3754830_uploaded_image2_1655979401.jpeg,Vêtements Enfants
Robe enfant,Prix sur demande,"location_onOuakam, Dakar, Sénégal",https://images.coinafrique.com/thumb_3752169_uploaded_image1_1655824879.jpg,Vêtements Enfants
Robe enfant,Prix sur demande,"location_onOuakam, Dakar, Sénégal",https://images.coinafrique.com/thumb_3752164_uploaded_image1_1655824806.jpg,Vêtements Enfants
Robe broderie enfant,Prix sur demande,"location_onOuakam, Dakar, Sénégal",https://images.coinafrique.com/thumb_3752161_uploaded_image1_1655824706.jpg,Vêtements Enfants
Boubou tabaski fil a fil Getzner,8 000,"location_onOuakam, Dakar, Sénégal",https://images.coinafrique.com/thumb_3748327_uploaded_image1_1655569010.jpg,Vêtements Enfants
Boubou enfants  0 à 5ans,8 000,"location_onOuakam, Dakar, Sénégal",https://images.coinafrique.com/thumb_3748323_uploaded_image1_1655568941.jpg,Vêtements Enfants
Grenouillère,4 000,"location_onHLM, Dakar, Sénégal",https://images.coinafrique.com/thumb_3696815_uploaded_image1_1652610668.jpg,Vêtements Enfants
Habits bébé,5 000,"location_onHLM, Dakar, Sénégal",https://images.coinafrique.com/thumb_3696811_uploaded_image1_1652610569.jpg,Vêtements Enfants
Ensemble jupe + taille basse,13 000,"location_onOuakam, Dakar, Sénégal",https://images.coinafrique.com/thumb_3737365_uploaded_image1_1654951147.jpg,Vêtements Enfants
Ensemble femme,13 000,"location_onOuakam, Dakar, Sénégal",https://images.coinafrique.com/thumb_3737301_uploaded_image1_1654947992.jpg,Vêtements Enfants
Boubou Magnum Gold enfant,15 000,"location_onOuakam, Dakar, Sénégal",https://images.coinafrique.com/thumb_3737294_uploaded_image1_1654947755.jpg,Vêtements Enfants
Friperie enfants,Prix sur demande,"location_onColobane, Dakar, Sénégal",https://images.coinafrique.com/thumb_3733511_uploaded_image1_1654724106.jpg,Vêtements Enfants
Vêtement enfants,Prix sur demande,"location_onMermoz-Sacré Coeur, Dakar, Sénégal",https://images.coinafrique.com/thumb_3729543_uploaded_image1_1654534141.jpg,Vêtements Enfants
Vêtements bébé,6 000,"location_onKeur Massar, Sénégal",https://images.coinafrique.com/thumb_3729345_uploaded_image3_1654526905.jpeg,Vêtements Enfants
Pantalon enfant,6 000,"location_onDakar, Sénégal",https://images.coinafrique.com/thumb_3673213_uploaded_image1_1651156015.jpg,Vêtements Enfants
Pantalon enfant,6 000,"location_onDakar, Sénégal",https://images.coinafrique.com/thumb_3673212_uploaded_image1_1651155978.jpg,Vêtements Enfants
Pantalon enfant,6 000,"location_onDakar, Sénégal",https://images.coinafrique.com/thumb_3673203_uploaded_image1_1651155807.jpg,Vêtements Enfants
Pantalon enfant,6 000,"location_onDakar, Sénégal",https://images.coinafrique.com/thumb_3673206_uploaded_image1_1651155861.jpg,Vêtements Enfants
Pantalon enfant,6 000,"location_onDakar, Sénégal",https://images.coinafrique.com/thumb_3673211_uploaded_image1_1651155934.jpg,Vêtements Enfants
Caleçon enfant,2 000,"location_onColobane, Dakar, Sénégal",https://images.coinafrique.com/thumb_3712737_uploaded_image3_1653571946.jpeg,Vêtements Enfants
Vêtements enfants,15 000,"location_onHann Bel-Air, Dakar, Sénégal",https://images.coinafrique.com/thumb_3672756_uploaded_image1_1651141428.jpg,Vêtements Enfants
Robes de fête,Prix sur demande,"location_onHann Bel-Air, Dakar, Sénégal",https://images.coinafrique.com/thumb_3672032_uploaded_image1_1651083312.jpg,Vêtements Enfants
Pulls enfants,6 000,"location_onHann Bel-Air, Dakar, Sénégal",https://images.coinafrique.com/thumb_3671743_uploaded_image1_1651068678.jpg,Vêtements Enfants
