type_habits,prix,adresse,image_lien,categorie
Pantalon kaki,8 000,"location_onDakar, Sénégal",https://images.coinafrique.com/thumb_5379655_uploaded_image1_1750203441.jpg,Vêtements Homme
Ensemble lacoste+ kaki,14 000,"location_onDakar, Sénégal",https://images.coinafrique.com/thumb_5379656_uploaded_image1_1750203540.jpg,Vêtements Homme
Tshirt coton,8 000,"location_onColobane, Dakar, Sénégal",https://images.coinafrique.com/thumb_5374565_uploaded_image1_1749920402.jpg,Vêtements Homme
Jalaba homme,10 000,"location_onDakar, Sénégal",https://images.coinafrique.com/thumb_5362186_uploaded_image1_1749145293.jpg,Vêtements Homme
Shorts coton,8 000,"location_onColobane, Dakar, Sénégal",https://images.coinafrique.com/thumb_5374534_uploaded_image1_1749919474.jpg,Vêtements Homme
Ensemble  pour homme,15 000,"location_onFass, Dakar, Sénégal",https://images.coinafrique.com/thumb_5402965_uploaded_image1_1751479836.jpg,Vêtements Homme
Sorts cotton djiene,10 000,"location_onColobane, Dakar, Sénégal",https://images.coinafrique.com/thumb_5374538_uploaded_image1_1749919612.jpg,Vêtements Homme
Sorts coton djiene,10 000,"location_onColobane, Dakar, Sénégal",https://images.coinafrique.com/thumb_5374540_uploaded_image1_1749919718.jpg,Vêtements Homme
Bonet,Prix sur demande,"location_onColobane, Dakar, Sénégal",https://images.coinafrique.com/thumb_5374410_uploaded_image1_1749913289.jpg,Vêtements Homme
Djialabé,15 000,"location_onColobane, Dakar, Sénégal",https://images.coinafrique.com/thumb_5374429_uploaded_image1_1749913872.jpg,Vêtements Homme
Djialab Homme,15 000,"location_onColobane, Dakar, Sénégal",https://images.coinafrique.com/thumb_5374420_uploaded_image1_1749913604.jpg,Vêtements Homme
Djialab  Homme,10 000,"location_onColobane, Dakar, Sénégal",https://images.coinafrique.com/thumb_5374415_uploaded_image1_1749913505.jpg,Vêtements Homme
Pantalon bas large,7 000,"location_onDakar, Sénégal",https://images.coinafrique.com/thumb_5387381_uploaded_image1_1750640217.jpg,Vêtements Homme
Ensemble short,15 000,"location_onDakar, Sénégal",https://images.coinafrique.com/thumb_5387379_uploaded_image1_1750639839.jpg,Vêtements Homme
Polo en coton,8 000,"location_onDakar, Sénégal",https://images.coinafrique.com/thumb_5361125_uploaded_image1_1749079937.jpg,Vêtements Homme
Pantalon homme,7 000,"location_onDakar, Sénégal",https://images.coinafrique.com/thumb_5364547_uploaded_image1_1749327860.jpg,Vêtements Homme
Polo,7 000,"location_onDakar, Sénégal",https://images.coinafrique.com/thumb_5387074_uploaded_image1_1750620178.jpg,Vêtements Homme
Short en jeans,6 000,"location_onDakar, Sénégal",https://images.coinafrique.com/thumb_5387071_uploaded_image1_1750620076.jpg,Vêtements Homme
T-shirts,6 000,"location_onDakar, Sénégal",https://images.coinafrique.com/thumb_5360742_uploaded_image1_1749062707.jpg,Vêtements Homme
T-shirts,6 000,"location_onDakar, Sénégal",https://images.coinafrique.com/thumb_5360732_uploaded_image1_1749062350.jpg,Vêtements Homme
Ensemble short,10 000,"location_onDakar, Sénégal",https://images.coinafrique.com/thumb_5360719_uploaded_image1_1749061877.jpg,Vêtements Homme
Jeans homme,7 000,"location_onDakar, Sénégal",https://images.coinafrique.com/thumb_5386899_uploaded_image1_1750612630.jpg,Vêtements Homme
Short,3 500,"location_onDakar, Sénégal",https://images.coinafrique.com/thumb_5386893_uploaded_image1_1750612508.jpg,Vêtements Homme
T-shirt,3 000,"location_onDakar, Sénégal",https://images.coinafrique.com/thumb_5368256_uploaded_image1_1749572783.jpg,Vêtements Homme
Dialabeh homme,9 000,"location_onDakar, Sénégal",https://images.coinafrique.com/thumb_5377282_uploaded_image1_1750088802.jpg,Vêtements Homme
Jeans homme,7 000,"location_onDakar, Sénégal",https://images.coinafrique.com/thumb_5360049_uploaded_image1_1749038004.jpg,Vêtements Homme
Ensemble short,9 000,"location_onDakar, Sénégal",https://images.coinafrique.com/thumb_5359855_uploaded_image1_1749031695.jpg,Vêtements Homme
T-shirt unique,3 000,"location_onDakar, Sénégal",https://images.coinafrique.com/thumb_5381842_uploaded_image1_1750327249.jpg,Vêtements Homme
T-shirt coton,6 000,"location_onDakar, Sénégal",https://images.coinafrique.com/thumb_5376211_uploaded_image1_1750033082.jpg,Vêtements Homme
Lacoste homme,6 000,"location_onDakar, Sénégal",https://images.coinafrique.com/thumb_5376209_uploaded_image1_1750033001.jpg,Vêtements Homme
Bas large,7 000,"location_onDakar, Sénégal",https://images.coinafrique.com/thumb_5359319_uploaded_image1_1748991293.jpg,Vêtements Homme
Cargo homme,7 000,"location_onDakar, Sénégal",https://images.coinafrique.com/thumb_5359212_uploaded_image1_1748985772.jpg,Vêtements Homme
Polo,8 000,"location_onDakar, Sénégal",https://images.coinafrique.com/thumb_5359195_uploaded_image1_1748985264.jpg,Vêtements Homme
Pantalons hommes,7 000,"location_onDakar, Sénégal",https://images.coinafrique.com/thumb_5359190_uploaded_image1_1748985019.jpg,Vêtements Homme
Pantalon bas large,7 000,"location_onDakar, Sénégal",https://images.coinafrique.com/thumb_5380940_uploaded_image1_1750267409.jpg,Vêtements Homme
Ensemble short,9 000,"location_onDakar, Sénégal",https://images.coinafrique.com/thumb_5380938_uploaded_image1_1750267359.jpg,Vêtements Homme
Caleçons,1 000,"location_onDakar, Sénégal",https://images.coinafrique.com/thumb_5366447_uploaded_image1_1749473882.jpg,Vêtements Homme
Chemise pour homme,12 500,"location_onFass, Dakar, Sénégal",https://images.coinafrique.com/thumb_5389835_uploaded_image1_1750768990.jpg,Vêtements Homme
T-shirts,5 000,"location_onGrand Yoff, Dakar, Sénégal",https://images.coinafrique.com/thumb_5396595_uploaded_image1_1751139172.jpg,Vêtements Homme
Bas Nike Tech,10 000,"location_onMariste, Dakar, Sénégal",https://images.coinafrique.com/thumb_5396366_uploaded_image1_1751130805.jpg,Vêtements Homme
Short,6 000,"location_onOuest Foire, Dakar, Sénégal",https://images.coinafrique.com/thumb_5395713_uploaded_image1_1751083803.jpg,Vêtements Homme
Short  homme,6 000,"location_onOuest Foire, Dakar, Sénégal",https://images.coinafrique.com/thumb_5395712_uploaded_image1_1751083649.jpg,Vêtements Homme
Vêtement homme,Prix sur demande,"location_onFass, Dakar, Sénégal",https://images.coinafrique.com/thumb_5394599_uploaded_image2_1751021076.jpeg,Vêtements Homme
Costume africaine,20 000,"location_onFass, Dakar, Sénégal",https://images.coinafrique.com/thumb_5392633_uploaded_image1_1750904042.jpg,Vêtements Homme
Costume africaine,20 000,"location_onFass, Dakar, Sénégal",https://images.coinafrique.com/thumb_5392632_uploaded_image1_1750903985.jpg,Vêtements Homme
Costume africaine,20 000,"location_onFass, Dakar, Sénégal",https://images.coinafrique.com/thumb_5392631_uploaded_image1_1750903932.jpg,Vêtements Homme
Costume africaine,20 000,"location_onFass, Dakar, Sénégal",https://images.coinafrique.com/thumb_5392630_uploaded_image1_1750903817.jpg,Vêtements Homme
Pack de 3 t-shirts en coton + 3 débardeurs +3 boxeurs,10 500,"location_onSicap Liberté, Dakar, Sénégal",https://images.coinafrique.com/thumb_5390305_uploaded_image1_1750787966.jpg,Vêtements Homme
Vêtements pour homme,8 000,"location_onFann, Dakar, Sénégal",https://images.coinafrique.com/thumb_5390008_uploaded_image1_1750777634.jpg,Vêtements Homme
Abaya simple,10 000,"location_onDakar Plateau, Dakar, Sénégal",https://images.coinafrique.com/thumb_5388869_uploaded_image1_1750707151.jpg,Vêtements Homme
Abaya languette,10 000,"location_onDakar Plateau, Dakar, Sénégal",https://images.coinafrique.com/thumb_5388860_uploaded_image1_1750707013.jpg,Vêtements Homme
Chemise El-hadji bouton doré,20 000,"location_onDakar Plateau, Dakar, Sénégal",https://images.coinafrique.com/thumb_5388857_uploaded_image1_1750706864.jpg,Vêtements Homme
Dialaba,25 000,"location_onColobane, Dakar, Sénégal",https://images.coinafrique.com/thumb_5340703_uploaded_image1_1747926660.jpg,Vêtements Homme
Caleçons homme,600,"location_onParcelle Assainies, Dakar, Sénégal",https://images.coinafrique.com/thumb_5379374_uploaded_image1_1750189453.jpg,Vêtements Homme
Short homme,6 000,"location_onDakar, Sénégal",https://images.coinafrique.com/thumb_5335983_uploaded_image1_1747682531.jpg,Vêtements Homme
Ensemble Lacoste  - Kaki,13 000,"location_onDakar, Sénégal",https://images.coinafrique.com/thumb_5335976_uploaded_image1_1747682377.jpg,Vêtements Homme
Souve't ment,1 500,"location_onColobane, Dakar, Sénégal",https://images.coinafrique.com/thumb_5328829_uploaded_image1_1747292067.jpg,Vêtements Homme
Ballot friperie,850 000,"location_onDakar, Sénégal",https://images.coinafrique.com/thumb_5371023_uploaded_image2_1749727035.jpeg,Vêtements Homme
Chemise,18 000,"location_onKeur Massar, Sénégal",https://images.coinafrique.com/thumb_5333594_uploaded_image1_1747550498.jpg,Vêtements Homme
Ensemble homme 3 piéces,12 000,"location_onParcelle Assainies, Dakar, Sénégal",https://images.coinafrique.com/thumb_5369347_uploaded_image1_1749639509.jpg,Vêtements Homme
Vêtement  homme,8 000,"location_onParcelle Assainies, Dakar, Sénégal",https://images.coinafrique.com/thumb_5369345_uploaded_image1_1749639320.jpg,Vêtements Homme
Pantalon Jean,15 000,"location_onMamelles, Dakar, Sénégal",https://images.coinafrique.com/thumb_5369272_uploaded_image1_1749637388.jpg,Vêtements Homme
Pantalon Jean,15 000,"location_onMamelles, Dakar, Sénégal",https://images.coinafrique.com/thumb_5369213_uploaded_image1_1749635653.jpg,Vêtements Homme
Costume africain,70 000,"location_onAlmadies 2, Dakar, Sénégal",https://images.coinafrique.com/thumb_5344920_uploaded_image1_1748197678.jpg,Vêtements Homme
Costume africain,70 000,"location_onAlmadies 2, Dakar, Sénégal",https://images.coinafrique.com/thumb_5344910_uploaded_image1_1748197232.jpg,Vêtements Homme
Costume africain,70 000,"location_onAlmadies 2, Dakar, Sénégal",https://images.coinafrique.com/thumb_5344903_uploaded_image1_1748196689.jpg,Vêtements Homme
Costume africain,70 000,"location_onAlmadies 2, Dakar, Sénégal",https://images.coinafrique.com/thumb_5344887_uploaded_image1_1748196047.jpg,Vêtements Homme
Ensemble homme,13 000,"location_onDakar, Sénégal",https://images.coinafrique.com/thumb_5351562_uploaded_image1_1748560606.jpg,Vêtements Homme
Ensemble homme,13 000,"location_onDakar, Sénégal",https://images.coinafrique.com/thumb_5351554_uploaded_image1_1748560284.jpg,Vêtements Homme
Ensemble homme,14 000,"location_onDakar, Sénégal",https://images.coinafrique.com/thumb_5357470_uploaded_image1_1748906567.jpg,Vêtements Homme
Ensemble homme,Prix sur demande,"location_onDakar, Sénégal",https://images.coinafrique.com/thumb_5357466_uploaded_image1_1748906493.jpg,Vêtements Homme
Lacoste,Prix sur demande,"location_onDakar, Sénégal",https://images.coinafrique.com/thumb_5357459_uploaded_image1_1748906269.jpg,Vêtements Homme
Ensemble,Prix sur demande,"location_onDakar, Sénégal",https://images.coinafrique.com/thumb_5357461_uploaded_image1_1748906332.jpg,Vêtements Homme
Ensemble homme,Prix sur demande,"location_onDakar, Sénégal",https://images.coinafrique.com/thumb_5357457_uploaded_image1_1748906197.jpg,Vêtements Homme
T-shirt coton,3 500,"location_onDakar, Sénégal",https://images.coinafrique.com/thumb_5357449_uploaded_image1_1748905981.jpg,Vêtements Homme
T-shirt coton,5 000,"location_onDakar, Sénégal",https://images.coinafrique.com/thumb_5357430_uploaded_image1_1748905355.jpg,Vêtements Homme
Lacoste homme,6 500,"location_onDakar, Sénégal",https://images.coinafrique.com/thumb_5357427_uploaded_image1_1748905276.jpg,Vêtements Homme
Ensemble homme,13 000,"location_onDakar, Sénégal",https://images.coinafrique.com/thumb_5357423_uploaded_image1_1748905074.jpg,Vêtements Homme
Cargo homme,7 000,"location_onDakar, Sénégal",https://images.coinafrique.com/thumb_5357414_uploaded_image1_1748904730.jpg,Vêtements Homme
T-shirt coton,5 000,"location_onDakar, Sénégal",https://images.coinafrique.com/thumb_5357415_uploaded_image1_1748904812.jpg,Vêtements Homme
Calsson coton,Prix sur demande,"location_onDakar, Sénégal",https://images.coinafrique.com/thumb_5362521_uploaded_image1_1749164209.jpg,Vêtements Homme
T-shirt coton,4 000,"location_onDakar, Sénégal",https://images.coinafrique.com/thumb_5362524_uploaded_image1_1749164390.jpg,Vêtements Homme
T-shirt coton,4 000,"location_onDakar, Sénégal",https://images.coinafrique.com/thumb_5362523_uploaded_image1_1749164333.jpg,Vêtements Homme
Ensemble homme,13 000,"location_onDakar, Sénégal",https://images.coinafrique.com/thumb_5362519_uploaded_image1_1749164046.jpg,Vêtements Homme
T-shirt coton,4 000,"location_onDakar, Sénégal",https://images.coinafrique.com/thumb_5362515_uploaded_image1_1749163756.jpg,Vêtements Homme
Lacoste coton,6 000,"location_onDakar, Sénégal",https://images.coinafrique.com/thumb_5362512_uploaded_image1_1749163626.jpg,Vêtements Homme
Ensemble,Prix sur demande,"location_onDakar, Sénégal",https://images.coinafrique.com/thumb_5355513_uploaded_image1_1748816312.jpg,Vêtements Homme
Ensemble homme,Prix sur demande,"location_onDakar, Sénégal",https://images.coinafrique.com/thumb_5355495_uploaded_image1_1748815778.jpg,Vêtements Homme
Ensemble homme,Prix sur demande,"location_onDakar, Sénégal",https://images.coinafrique.com/thumb_5355482_uploaded_image1_1748815370.jpg,Vêtements Homme
Lacoste homme,6 500,"location_onDakar Plateau, Dakar, Sénégal",https://images.coinafrique.com/thumb_5342589_uploaded_image1_1748032420.jpg,Vêtements Homme
Sous-vêtements coton,4 500,"location_onDakar Plateau, Dakar, Sénégal",https://images.coinafrique.com/thumb_5342579_uploaded_image1_1748031848.jpg,Vêtements Homme
Kaki,7 000,"location_onDakar Plateau, Dakar, Sénégal",https://images.coinafrique.com/thumb_5330135_uploaded_image1_1747337609.jpg,Vêtements Homme
Culotte,6 500,"location_onDakar Plateau, Dakar, Sénégal",https://images.coinafrique.com/thumb_5330133_uploaded_image1_1747337550.jpg,Vêtements Homme
Jean homme,7 000,"location_onDakar Plateau, Dakar, Sénégal",https://images.coinafrique.com/thumb_5330130_uploaded_image1_1747337463.jpg,Vêtements Homme
Ensemble homme,Prix sur demande,"location_onDakar, Sénégal",https://images.coinafrique.com/thumb_5348419_uploaded_image1_1748373207.jpg,Vêtements Homme
Cargo,7 000,"location_onDakar, Sénégal",https://images.coinafrique.com/thumb_5348426_uploaded_image1_1748373420.jpg,Vêtements Homme
Jeans homme,7 000,"location_onDakar, Sénégal",https://images.coinafrique.com/thumb_5348424_uploaded_image1_1748373374.jpg,Vêtements Homme
Babouche hommes,10 000,"location_onDakar, Sénégal",https://images.coinafrique.com/thumb_5348408_uploaded_image1_1748372963.jpg,Vêtements Homme
T-shirt coton,5 000,"location_onDakar Plateau, Dakar, Sénégal",https://images.coinafrique.com/thumb_5329860_uploaded_image1_1747329043.jpg,Vêtements Homme
Lacoste homme,6 500,"location_onDakar Plateau, Dakar, Sénégal",https://images.coinafrique.com/thumb_5329857_uploaded_image1_1747328991.jpg,Vêtements Homme
Chemise homme,6 500,"location_onDakar Plateau, Dakar, Sénégal",https://images.coinafrique.com/thumb_5339081_uploaded_image1_1747848546.jpg,Vêtements Homme
Getzner Super Manium gold original,12 000,"location_onDakar Plateau, Dakar, Sénégal",https://images.coinafrique.com/thumb_5329829_uploaded_image1_1747328462.jpg,Vêtements Homme
Jeans,9 000,"location_onDakar, Sénégal",https://images.coinafrique.com/thumb_5352603_uploaded_image1_1748628451.jpg,Vêtements Homme
Lacoste,6 500,"location_onDakar Plateau, Dakar, Sénégal",https://images.coinafrique.com/thumb_5339063_uploaded_image1_1747848156.jpg,Vêtements Homme
Ensemble,13 000,"location_onDakar, Sénégal",https://images.coinafrique.com/thumb_5352605_uploaded_image1_1748628506.jpg,Vêtements Homme
Chemise,6 500,"location_onDakar, Sénégal",https://images.coinafrique.com/thumb_5352610_uploaded_image1_1748628604.jpg,Vêtements Homme
Pantalon,7 000,"location_onDakar Plateau, Dakar, Sénégal",https://images.coinafrique.com/thumb_5339069_uploaded_image1_1747848287.jpg,Vêtements Homme
Lacoste coton,6 500,"location_onDakar Plateau, Dakar, Sénégal",https://images.coinafrique.com/thumb_5339058_uploaded_image1_1747847985.jpg,Vêtements Homme
Ensemble homme,13 000,"location_onDakar Plateau, Dakar, Sénégal",https://images.coinafrique.com/thumb_5339045_uploaded_image1_1747847625.jpg,Vêtements Homme
Ensemble homme,13 000,"location_onDakar Plateau, Dakar, Sénégal",https://images.coinafrique.com/thumb_5339051_uploaded_image1_1747847720.jpg,Vêtements Homme
Jogging,7 000,"location_onDakar, Sénégal",https://images.coinafrique.com/thumb_5352592_uploaded_image1_1748628052.jpg,Vêtements Homme
Ensemble  homme,13 000,"location_onDakar, Sénégal",https://images.coinafrique.com/thumb_5352588_uploaded_image1_1748628000.jpg,Vêtements Homme
Kaki homme,7 000,"location_onDakar Plateau, Dakar, Sénégal",https://images.coinafrique.com/thumb_5344854_uploaded_image1_1748194219.jpg,Vêtements Homme
Lacoste coton,6 500,"location_onDakar Plateau, Dakar, Sénégal",https://images.coinafrique.com/thumb_5344842_uploaded_image1_1748193885.jpg,Vêtements Homme
Lacoste homme,6 500,"location_onDakar Plateau, Dakar, Sénégal",https://images.coinafrique.com/thumb_5344841_uploaded_image1_1748193824.jpg,Vêtements Homme
Vetement enfants,Prix sur demande,"location_onDakar Plateau, Dakar, Sénégal",https://images.coinafrique.com/thumb_5344831_uploaded_image1_1748193541.jpg,Vêtements Homme
Ensemble homme,13 000,"location_onDakar Plateau, Dakar, Sénégal",https://images.coinafrique.com/thumb_5344833_uploaded_image1_1748193584.jpg,Vêtements Homme
T-shirt coton,6 000,"location_onDakar, Sénégal",https://images.coinafrique.com/thumb_5348292_uploaded_image1_1748367024.jpg,Vêtements Homme
Ensemble homme,16 000,"location_onDakar, Sénégal",https://images.coinafrique.com/thumb_5348285_uploaded_image1_1748366695.jpg,Vêtements Homme
Ensemble homme,Prix sur demande,"location_onDakar, Sénégal",https://images.coinafrique.com/thumb_5348287_uploaded_image1_1748366732.jpg,Vêtements Homme
Getzner Super anium gold original,12 000,"location_onDakar Plateau, Dakar, Sénégal",https://images.coinafrique.com/thumb_5326094_uploaded_image1_1747153147.jpg,Vêtements Homme
T-shirt coton,6 000,"location_onDakar Plateau, Dakar, Sénégal",https://images.coinafrique.com/thumb_5326080_uploaded_image1_1747152559.jpg,Vêtements Homme
Ensemble homme,13 000,"location_onDakar Plateau, Dakar, Sénégal",https://images.coinafrique.com/thumb_5326083_uploaded_image1_1747152731.jpg,Vêtements Homme
Polo Lacoste,6 500,"location_onDakar Plateau, Dakar, Sénégal",https://images.coinafrique.com/thumb_5326067_uploaded_image1_1747152167.jpg,Vêtements Homme
Cargo,7 000,"location_onDakar Plateau, Dakar, Sénégal",https://images.coinafrique.com/thumb_5335721_uploaded_image1_1747671590.jpg,Vêtements Homme
Chemise coton,6 500,"location_onDakar Plateau, Dakar, Sénégal",https://images.coinafrique.com/thumb_5335724_uploaded_image1_1747671672.jpg,Vêtements Homme
Ensemble homme,13 000,"location_onDakar Plateau, Dakar, Sénégal",https://images.coinafrique.com/thumb_5335705_uploaded_image1_1747671181.jpg,Vêtements Homme
Polo Lacoste,6 500,"location_onDakar Plateau, Dakar, Sénégal",https://images.coinafrique.com/thumb_5335709_uploaded_image1_1747671238.jpg,Vêtements Homme
T-shirt coton,5 000,"location_onDakar, Sénégal",https://images.coinafrique.com/thumb_5358869_uploaded_image1_1748970821.jpg,Vêtements Homme
Sous vêtements,Prix sur demande,"location_onDakar, Sénégal",https://images.coinafrique.com/thumb_5358863_uploaded_image1_1748970741.jpg,Vêtements Homme
Bassin riche,5 000,"location_onDakar Plateau, Dakar, Sénégal",https://images.coinafrique.com/thumb_5334146_uploaded_image1_1747583668.jpg,Vêtements Homme
Tableau  Art,10 000,"location_onColobane, Dakar, Sénégal",https://images.coinafrique.com/thumb_5321522_uploaded_image1_1746889876.jpg,Vêtements Homme
Bassin riche,5 000,"location_onDakar Plateau, Dakar, Sénégal",https://images.coinafrique.com/thumb_5334143_uploaded_image1_1747583609.jpg,Vêtements Homme
Bassin riche,5 000,"location_onDakar Plateau, Dakar, Sénégal",https://images.coinafrique.com/thumb_5334137_uploaded_image1_1747583506.jpg,Vêtements Homme
Bassin riche,5 000,"location_onDakar Plateau, Dakar, Sénégal",https://images.coinafrique.com/thumb_5334139_uploaded_image1_1747583571.jpg,Vêtements Homme
Ensemble homme,9 500,"location_onGrand Yoff, Dakar, Sénégal",https://images.coinafrique.com/thumb_5364994_uploaded_image1_1749376854.jpg,Vêtements Homme
Vêtement  homme,5 000,"location_onGrand Yoff, Dakar, Sénégal",https://images.coinafrique.com/thumb_5364974_uploaded_image1_1749376464.jpg,Vêtements Homme
Lacoste homme,6 500,"location_onDakar Plateau, Dakar, Sénégal",https://images.coinafrique.com/thumb_5320644_uploaded_image1_1746830346.jpg,Vêtements Homme
T-shirt coton,5 000,"location_onDakar Plateau, Dakar, Sénégal",https://images.coinafrique.com/thumb_5320652_uploaded_image1_1746830643.jpg,Vêtements Homme
Kaki,7 000,"location_onDakar Plateau, Dakar, Sénégal",https://images.coinafrique.com/thumb_5320629_uploaded_image1_1746829743.jpg,Vêtements Homme
Ensemble homme,13 000,"location_onDakar Plateau, Dakar, Sénégal",https://images.coinafrique.com/thumb_5318674_uploaded_image1_1746735167.jpg,Vêtements Homme
Ensemble homme,15 000,"location_onDakar Plateau, Dakar, Sénégal",https://images.coinafrique.com/thumb_5318670_uploaded_image1_1746734969.jpg,Vêtements Homme
Chemise,25 000,"location_onAlmadies 2, Dakar, Sénégal",https://images.coinafrique.com/thumb_5346271_uploaded_image1_1748268399.jpg,Vêtements Homme
Chemise homme,25 000,"location_onAlmadies 2, Dakar, Sénégal",https://images.coinafrique.com/thumb_5346211_uploaded_image1_1748266571.jpg,Vêtements Homme
Bassin riche,5 000,"location_onDakar Plateau, Dakar, Sénégal",https://images.coinafrique.com/thumb_5314920_uploaded_image1_1746554358.jpg,Vêtements Homme
Lacoste homme,6 500,"location_onDakar Plateau, Dakar, Sénégal",https://images.coinafrique.com/thumb_5314919_uploaded_image1_1746554270.jpg,Vêtements Homme
Lacoste coton,6 500,"location_onDakar Plateau, Dakar, Sénégal",https://images.coinafrique.com/thumb_5314904_uploaded_image1_1746553879.jpg,Vêtements Homme
Ensemble homme,13 000,"location_onDakar Plateau, Dakar, Sénégal",https://images.coinafrique.com/thumb_5314912_uploaded_image1_1746554095.jpg,Vêtements Homme
Jean homme,7 000,"location_onDakar Plateau, Dakar, Sénégal",https://images.coinafrique.com/thumb_5314908_uploaded_image1_1746554002.jpg,Vêtements Homme
Tenue Africaine,40 000,"location_onDakar, Sénégal",https://images.coinafrique.com/thumb_5360278_uploaded_image1_1749046194.jpg,Vêtements Homme
Lacoste homme,6 500,"location_onDakar Plateau, Dakar, Sénégal",https://images.coinafrique.com/thumb_5313316_uploaded_image1_1746471140.jpg,Vêtements Homme
Ensemble homme,13 000,"location_onDakar Plateau, Dakar, Sénégal",https://images.coinafrique.com/thumb_5313321_uploaded_image1_1746471279.jpg,Vêtements Homme
Ensemble homme,13 000,"location_onDakar Plateau, Dakar, Sénégal",https://images.coinafrique.com/thumb_5313236_uploaded_image1_1746467678.jpg,Vêtements Homme
Lacoste homme,6 500,"location_onDakar Plateau, Dakar, Sénégal",https://images.coinafrique.com/thumb_5310613_uploaded_image1_1746312787.jpg,Vêtements Homme
Paquet Tshirt cotton 100℅,7 500,"location_onColobane, Dakar, Sénégal",https://images.coinafrique.com/thumb_5306801_uploaded_image1_1746115281.jpg,Vêtements Homme
Pantalon homme,Prix sur demande,"location_onDakar Plateau, Dakar, Sénégal",https://images.coinafrique.com/thumb_5305847_uploaded_image1_1746059808.jpg,Vêtements Homme
Chemise,6 500,"location_onDakar Plateau, Dakar, Sénégal",https://images.coinafrique.com/thumb_5305845_uploaded_image1_1746059687.jpg,Vêtements Homme
Ensemble homme,Prix sur demande,"location_onDakar Plateau, Dakar, Sénégal",https://images.coinafrique.com/thumb_5305848_uploaded_image1_1746059890.jpg,Vêtements Homme
Ensemble homme,13 000,"location_onDakar Plateau, Dakar, Sénégal",https://images.coinafrique.com/thumb_5305840_uploaded_image1_1746059319.jpg,Vêtements Homme
Lot de 6 tshirts,11 000,"location_onDakar Plateau, Dakar, Sénégal",https://images.coinafrique.com/thumb_5308578_uploaded_image1_1746204180.jpg,Vêtements Homme
Débardeur en coton,3 500,"location_onColobane, Dakar, Sénégal",https://images.coinafrique.com/thumb_5305181_uploaded_image1_1746024944.jpg,Vêtements Homme
Jogging Nike,9 000,"location_onMariste, Dakar, Sénégal",https://images.coinafrique.com/thumb_5350993_uploaded_image1_1748526930.jpg,Vêtements Homme
Petit grand bobou homme,75 500,"location_onGuediawaye, Dakar, Sénégal",https://images.coinafrique.com/thumb_5349883_uploaded_image1_1748450338.jpg,Vêtements Homme
T-shirt homme,7 000,"location_onGrand Yoff, Dakar, Sénégal",https://images.coinafrique.com/thumb_5348769_uploaded_image1_1748394151.jpg,Vêtements Homme
Vêtements pour homme,7 000,"location_onGrand Yoff, Dakar, Sénégal",https://images.coinafrique.com/thumb_5348768_uploaded_image1_1748394074.jpg,Vêtements Homme
Vêtements pour homme,7 000,"location_onGrand Yoff, Dakar, Sénégal",https://images.coinafrique.com/thumb_5348767_uploaded_image1_1748393966.jpg,Vêtements Homme
Vêtements pour homme,7 000,"location_onGrand Yoff, Dakar, Sénégal",https://images.coinafrique.com/thumb_5348766_uploaded_image1_1748393850.jpg,Vêtements Homme
Ensemble homme,10 000,"location_onDakar Plateau, Dakar, Sénégal",https://images.coinafrique.com/thumb_5302306_uploaded_image1_1745866564.jpg,Vêtements Homme
Costume africain,Prix sur demande,"location_onGuediawaye, Dakar, Sénégal",https://images.coinafrique.com/thumb_5348515_uploaded_image1_1748378639.jpg,Vêtements Homme
Ensemble,13 000,"location_onDakar Plateau, Dakar, Sénégal",https://images.coinafrique.com/thumb_5299478_uploaded_image1_1745669665.jpg,Vêtements Homme
Ensemble  Coton,Prix sur demande,"location_onDakar Plateau, Dakar, Sénégal",https://images.coinafrique.com/thumb_5299466_uploaded_image1_1745669166.jpg,Vêtements Homme
Kaki original,7 000,"location_onDakar Plateau, Dakar, Sénégal",https://images.coinafrique.com/thumb_5299455_uploaded_image1_1745668917.jpg,Vêtements Homme
Getzner  Gold,12 000,"location_onDakar Plateau, Dakar, Sénégal",https://images.coinafrique.com/thumb_5299457_uploaded_image1_1745668962.jpg,Vêtements Homme
Getzner  Gold,12 000,"location_onDakar Plateau, Dakar, Sénégal",https://images.coinafrique.com/thumb_5299464_uploaded_image1_1745669098.jpg,Vêtements Homme
Jogging,7 000,"location_onDakar Plateau, Dakar, Sénégal",https://images.coinafrique.com/thumb_5299462_uploaded_image1_1745669058.jpg,Vêtements Homme
Lacoste  Coton,6 500,"location_onDakar Plateau, Dakar, Sénégal",https://images.coinafrique.com/thumb_5299472_uploaded_image1_1745669456.jpg,Vêtements Homme
Tissu original,Prix sur demande,"location_onDakar Plateau, Dakar, Sénégal",https://images.coinafrique.com/thumb_5299471_uploaded_image1_1745669398.jpg,Vêtements Homme
Bassin  riche  gold,6 500,"location_onDakar Plateau, Dakar, Sénégal",https://images.coinafrique.com/thumb_5299451_uploaded_image1_1745668861.jpg,Vêtements Homme
T-shirt,5 000,"location_onDakar, Sénégal",https://images.coinafrique.com/thumb_5343507_uploaded_image1_1748092409.jpg,Vêtements Homme
Ensemble homme,13 000,"location_onDakar Plateau, Dakar, Sénégal",https://images.coinafrique.com/thumb_5296721_uploaded_image1_1745512439.jpg,Vêtements Homme
Lacoste Polo,6 500,"location_onDakar Plateau, Dakar, Sénégal",https://images.coinafrique.com/thumb_5296710_uploaded_image1_1745512124.jpg,Vêtements Homme
Ensemble homme,13 000,"location_onDakar Plateau, Dakar, Sénégal",https://images.coinafrique.com/thumb_5296703_uploaded_image1_1745511936.jpg,Vêtements Homme
Jean homme,7 000,"location_onDakar Plateau, Dakar, Sénégal",https://images.coinafrique.com/thumb_5296693_uploaded_image1_1745511840.jpg,Vêtements Homme
Pantalon Kaki,7 000,"location_onDakar Plateau, Dakar, Sénégal",https://images.coinafrique.com/thumb_5296688_uploaded_image1_1745511640.jpg,Vêtements Homme
Lacoste homme,6 500,"location_onDakar Plateau, Dakar, Sénégal",https://images.coinafrique.com/thumb_5293539_uploaded_image1_1745362320.jpg,Vêtements Homme
T-shirt coton,6 000,"location_onDakar Plateau, Dakar, Sénégal",https://images.coinafrique.com/thumb_5293536_uploaded_image1_1745362246.jpg,Vêtements Homme
Ensemble homme,13 000,"location_onDakar Plateau, Dakar, Sénégal",https://images.coinafrique.com/thumb_5293045_uploaded_image1_1745339481.jpg,Vêtements Homme
Polo Lacoste coton,6 500,"location_onDakar Plateau, Dakar, Sénégal",https://images.coinafrique.com/thumb_5293055_uploaded_image1_1745339693.jpg,Vêtements Homme
Ensemble homme,13 000,"location_onDakar Plateau, Dakar, Sénégal",https://images.coinafrique.com/thumb_5293053_uploaded_image1_1745339642.jpg,Vêtements Homme
Polo Lacoste coton,6 500,"location_onDakar Plateau, Dakar, Sénégal",https://images.coinafrique.com/thumb_5293039_uploaded_image1_1745339437.jpg,Vêtements Homme
T-shirt coton,6 000,"location_onDakar Plateau, Dakar, Sénégal",https://images.coinafrique.com/thumb_5293035_uploaded_image1_1745339381.jpg,Vêtements Homme
Polo Lacoste,6 500,"location_onDakar Plateau, Dakar, Sénégal",https://images.coinafrique.com/thumb_5293034_uploaded_image1_1745339318.jpg,Vêtements Homme
Survêtement,Prix sur demande,"location_onMermoz-Sacré Coeur, Dakar, Sénégal",https://images.coinafrique.com/thumb_5338228_uploaded_image1_1747821974.jpg,Vêtements Homme
Ensemble homme,13 000,"location_onDakar Plateau, Dakar, Sénégal",https://images.coinafrique.com/thumb_5291974_uploaded_image1_1745276486.jpg,Vêtements Homme
Cargo,7 000,"location_onDakar Plateau, Dakar, Sénégal",https://images.coinafrique.com/thumb_5290653_uploaded_image1_1745190381.jpg,Vêtements Homme
Sorts Cotton,6 500,"location_onColobane, Dakar, Sénégal",https://images.coinafrique.com/thumb_5289187_uploaded_image1_1745069107.jpg,Vêtements Homme
Sorts Cotton,6 500,"location_onColobane, Dakar, Sénégal",https://images.coinafrique.com/thumb_5289186_uploaded_image1_1745068990.jpg,Vêtements Homme
Sorts Cotton,6 500,"location_onColobane, Dakar, Sénégal",https://images.coinafrique.com/thumb_5289180_uploaded_image1_1745068870.jpg,Vêtements Homme
Sorts  Cotton,6 500,"location_onColobane, Dakar, Sénégal",https://images.coinafrique.com/thumb_5289183_uploaded_image1_1745068931.jpg,Vêtements Homme
Ensemble homme,13 000,"location_onDakar Plateau, Dakar, Sénégal",https://images.coinafrique.com/thumb_5288642_uploaded_image1_1745020935.jpg,Vêtements Homme
Ensemble homme,13 000,"location_onDakar Plateau, Dakar, Sénégal",https://images.coinafrique.com/thumb_5288640_uploaded_image1_1745020767.jpg,Vêtements Homme
Ensemble homme,13 000,"location_onDakar Plateau, Dakar, Sénégal",https://images.coinafrique.com/thumb_5288627_uploaded_image1_1745018950.jpg,Vêtements Homme
Chemise coton,7 000,"location_onDakar Plateau, Dakar, Sénégal",https://images.coinafrique.com/thumb_5288620_uploaded_image1_1745018525.jpg,Vêtements Homme
Chemise coton,7 000,"location_onDakar Plateau, Dakar, Sénégal",https://images.coinafrique.com/thumb_5288621_uploaded_image1_1745018609.jpg,Vêtements Homme
Polo Lacoste,6 500,"location_onDakar Plateau, Dakar, Sénégal",https://images.coinafrique.com/thumb_5288624_uploaded_image1_1745018786.jpg,Vêtements Homme
Short Lacoste,6 500,"location_onSicap Liberté, Dakar, Sénégal",https://images.coinafrique.com/thumb_5333461_uploaded_image1_1747525455.jpg,Vêtements Homme
Pantalon homme,Prix sur demande,"location_onColobane, Dakar, Sénégal",https://images.coinafrique.com/thumb_5287996_uploaded_image1_1744980933.jpg,Vêtements Homme
Ensemble coton 100℅,Prix sur demande,"location_onColobane, Dakar, Sénégal",https://images.coinafrique.com/thumb_5287998_uploaded_image1_1744981046.jpg,Vêtements Homme
Short cotton,7 000,"location_onColobane, Dakar, Sénégal",https://images.coinafrique.com/thumb_5287071_uploaded_image1_1744928407.jpg,Vêtements Homme
Shorts cotton 100℅,3 500,"location_onColobane, Dakar, Sénégal",https://images.coinafrique.com/thumb_5287002_uploaded_image1_1744926217.jpg,Vêtements Homme
Lacoste coton unique,5 000,"location_onColobane, Dakar, Sénégal",https://images.coinafrique.com/thumb_5287008_uploaded_image1_1744926363.jpg,Vêtements Homme
Ensemble homme,12 000,"location_onMbao, Dakar, Sénégal",https://images.coinafrique.com/thumb_5332144_uploaded_image1_1747438407.jpg,Vêtements Homme
Grand boubou homme,Prix sur demande,"location_onGuediawaye, Dakar, Sénégal",https://images.coinafrique.com/thumb_5331306_uploaded_image1_1747400542.jpg,Vêtements Homme
Ensemble pantalon,15 000,"location_onGuediawaye, Dakar, Sénégal",https://images.coinafrique.com/thumb_5329465_uploaded_image1_1747315368.jpg,Vêtements Homme
Chemise  homme,Prix sur demande,"location_onDakar Plateau, Dakar, Sénégal",https://images.coinafrique.com/thumb_5283180_uploaded_image1_1744733806.jpg,Vêtements Homme
Ensemble,12 000,"location_onDakar Plateau, Dakar, Sénégal",https://images.coinafrique.com/thumb_5283158_uploaded_image1_1744733308.jpg,Vêtements Homme
Polo Lacoste coton,6 000,"location_onDakar Plateau, Dakar, Sénégal",https://images.coinafrique.com/thumb_5283163_uploaded_image1_1744733407.jpg,Vêtements Homme
Ensemble homme,8 000,"location_onDakar Plateau, Dakar, Sénégal",https://images.coinafrique.com/thumb_5283165_uploaded_image1_1744733455.jpg,Vêtements Homme
Jogging,7 000,"location_onDakar Plateau, Dakar, Sénégal",https://images.coinafrique.com/thumb_5283169_uploaded_image1_1744733489.jpg,Vêtements Homme
Ensemble,6 000,"location_onDakar Plateau, Dakar, Sénégal",https://images.coinafrique.com/thumb_5283173_uploaded_image1_1744733580.jpg,Vêtements Homme
Pantalon Kaki,7 000,"location_onDakar Plateau, Dakar, Sénégal",https://images.coinafrique.com/thumb_5283174_uploaded_image1_1744733626.jpg,Vêtements Homme
Pantalon Kaki,7 000,"location_onDakar Plateau, Dakar, Sénégal",https://images.coinafrique.com/thumb_5283137_uploaded_image1_1744732888.jpg,Vêtements Homme
Shorts,3 000,"location_onColobane, Dakar, Sénégal",https://images.coinafrique.com/thumb_5280463_uploaded_image1_1744590954.jpg,Vêtements Homme
Ensemble homme,5 000,"location_onColobane, Dakar, Sénégal",https://images.coinafrique.com/thumb_5280460_uploaded_image1_1744590885.jpg,Vêtements Homme
Culotte cuissar,3 000,"location_onColobane, Dakar, Sénégal",https://images.coinafrique.com/thumb_5280464_uploaded_image1_1744591038.jpg,Vêtements Homme
Pantalon Jean  homme,20 000,"location_onDakar, Sénégal",https://images.coinafrique.com/thumb_5325030_uploaded_image1_1747102473.jpg,Vêtements Homme
Ensemble 3 pièces,30 000,"location_onHLM, Dakar, Sénégal",https://images.coinafrique.com/thumb_5323878_uploaded_image1_1747055928.jpg,Vêtements Homme
Ensemble grand boubou 3 pièces,30 000,"location_onHLM, Dakar, Sénégal",https://images.coinafrique.com/thumb_5323007_uploaded_image1_1747004223.jpg,Vêtements Homme
Ensemble homme,7 500,"location_onDakar, Sénégal",https://images.coinafrique.com/thumb_5322236_uploaded_image1_1746952484.jpg,Vêtements Homme
Ensemble homme,7 500,"location_onDakar, Sénégal",https://images.coinafrique.com/thumb_5322231_uploaded_image1_1746952231.jpg,Vêtements Homme
Lacoste homme,6 500,"location_onDakar Plateau, Dakar, Sénégal",https://images.coinafrique.com/thumb_5277897_uploaded_image1_1744406513.jpg,Vêtements Homme
Chemise homme,6 500,"location_onDakar Plateau, Dakar, Sénégal",https://images.coinafrique.com/thumb_5277908_uploaded_image1_1744406926.jpg,Vêtements Homme
Jogging homme,7 000,"location_onDakar Plateau, Dakar, Sénégal",https://images.coinafrique.com/thumb_5277911_uploaded_image1_1744407032.jpg,Vêtements Homme
Chemise homme,6 500,"location_onDakar Plateau, Dakar, Sénégal",https://images.coinafrique.com/thumb_5277900_uploaded_image1_1744406647.jpg,Vêtements Homme
Lacoste coton,12 000,"location_onDakar Plateau, Dakar, Sénégal",https://images.coinafrique.com/thumb_5277904_uploaded_image1_1744406795.jpg,Vêtements Homme
Lacoste homme,6 500,"location_onDakar Plateau, Dakar, Sénégal",https://images.coinafrique.com/thumb_5277891_uploaded_image1_1744406375.jpg,Vêtements Homme
Sous vetement cotton 100℅ douzaine,12 000,"location_onColobane, Dakar, Sénégal",https://images.coinafrique.com/thumb_5276271_uploaded_image1_1744319968.jpg,Vêtements Homme
Ensemble inusex  turquie roythia,8 500,"location_onColobane, Dakar, Sénégal",https://images.coinafrique.com/thumb_5276217_uploaded_image1_1744316792.jpg,Vêtements Homme
T-shirt 100℅ cotton,4 000,"location_onColobane, Dakar, Sénégal",https://images.coinafrique.com/thumb_5276220_uploaded_image1_1744317076.jpg,Vêtements Homme
Abaya doubai,25 000,"location_onSacré-Coeur, Dakar, Sénégal",https://images.coinafrique.com/thumb_5297151_uploaded_image1_1745530268.jpg,Vêtements Homme
Pantalon homme,Prix sur demande,"location_onDakar Plateau, Dakar, Sénégal",https://images.coinafrique.com/thumb_5276113_uploaded_image1_1744312768.jpg,Vêtements Homme
Lacoste homme,6 500,"location_onDakar Plateau, Dakar, Sénégal",https://images.coinafrique.com/thumb_5276090_uploaded_image1_1744312372.jpg,Vêtements Homme
Ensemble homme,Prix sur demande,"location_onDakar Plateau, Dakar, Sénégal",https://images.coinafrique.com/thumb_5276110_uploaded_image1_1744312701.jpg,Vêtements Homme
Pantalon Kaki,7 000,"location_onDakar Plateau, Dakar, Sénégal",https://images.coinafrique.com/thumb_5276085_uploaded_image1_1744312243.jpg,Vêtements Homme
Vêtements pour homme,12 500,"location_onFass, Dakar, Sénégal",https://images.coinafrique.com/thumb_5263573_uploaded_image1_1743688474.jpg,Vêtements Homme
Sous vetement coton,1 500,"location_onFass, Dakar, Sénégal",https://images.coinafrique.com/thumb_5256503_uploaded_image1_1743271904.jpg,Vêtements Homme
Pulls,8 000,"location_onGrand Yoff, Dakar, Sénégal",https://images.coinafrique.com/thumb_5291801_uploaded_image1_1745269197.jpg,Vêtements Homme
Bazin Riche 3 Pièces,70 000,"location_onHLM, Dakar, Sénégal",https://images.coinafrique.com/thumb_5290090_uploaded_image2_1745148278.jpeg,Vêtements Homme
Costume africain,15 000,"location_onHLM, Dakar, Sénégal",https://images.coinafrique.com/thumb_5289487_uploaded_image2_1745085513.jpeg,Vêtements Homme
Vêtements homme,5 000,"location_onPikine, Sénégal",https://images.coinafrique.com/thumb_5282400_uploaded_image1_1744705443.jpg,Vêtements Homme
Lacoste  homme,7 000,"location_onFass, Dakar, Sénégal",https://images.coinafrique.com/thumb_5235214_uploaded_image1_1742160264.jpg,Vêtements Homme
Pantalon jeans,30 000,"location_onMbao, Dakar, Sénégal",https://images.coinafrique.com/thumb_5278626_uploaded_image1_1744464626.jpg,Vêtements Homme
Dialaba,15 000,"location_onColobane, Dakar, Sénégal",https://images.coinafrique.com/thumb_5233345_uploaded_image1_1742034991.jpg,Vêtements Homme
Vetmemt traditionel homme,20 000,"location_onColobane, Dakar, Sénégal",https://images.coinafrique.com/thumb_5232019_uploaded_image1_1741958189.jpg,Vêtements Homme
Boubou,110 000,"location_onDakar, Sénégal",https://images.coinafrique.com/thumb_5275497_uploaded_image1_1744293030.jpg,Vêtements Homme
Ensemble Nike Tech,40 000,"location_onGrand Dakar, Dakar, Sénégal",https://images.coinafrique.com/thumb_5274649_uploaded_image1_1744236675.jpg,Vêtements Homme
Vêtements homme,Prix sur demande,"location_onMermoz-Sacré Coeur, Dakar, Sénégal",https://images.coinafrique.com/thumb_5273496_uploaded_image1_1744198731.jpg,Vêtements Homme
Pantalon  homme,10 000,"location_onGrand Yoff, Dakar, Sénégal",https://images.coinafrique.com/thumb_5272402_uploaded_image1_1744132936.jpg,Vêtements Homme
Boxers,1 000,"location_onDakar, Sénégal",https://images.coinafrique.com/thumb_5272210_uploaded_image1_1744125601.jpg,Vêtements Homme
T-shirts TCP,7 000,"location_onKeur Massar, Sénégal",https://images.coinafrique.com/thumb_5271254_uploaded_image1_1744089163.jpg,Vêtements Homme
Dialabé pour homme anfna,7 500,"location_onFass, Dakar, Sénégal",https://images.coinafrique.com/thumb_5226125_uploaded_image1_1741685568.jpg,Vêtements Homme
T-shirts unique,3 000,"location_onDakar, Sénégal",https://images.coinafrique.com/thumb_5267727_uploaded_image1_1743891140.jpg,Vêtements Homme
Ensemble homme,17 000,"location_onDieuppeul-Derklé, Dakar, Sénégal",https://images.coinafrique.com/thumb_5264516_uploaded_image1_1743722045.jpg,Vêtements Homme
Vêtement homme,12 000,"location_onDakar Plateau, Dakar, Sénégal",https://images.coinafrique.com/thumb_5261960_uploaded_image1_1743607793.jpg,Vêtements Homme
Dialab blanc,7 000,"location_onColobane, Dakar, Sénégal",https://images.coinafrique.com/thumb_5214602_uploaded_image1_1741112218.jpg,Vêtements Homme
Dialab pour homme,10 000,"location_onColobane, Dakar, Sénégal",https://images.coinafrique.com/thumb_5214586_uploaded_image1_1741111877.jpg,Vêtements Homme
Dialab taille 56 58 60 62,10 000,"location_onColobane, Dakar, Sénégal",https://images.coinafrique.com/thumb_5214570_uploaded_image1_1741111198.jpg,Vêtements Homme
Dialab coton ensemble taille 56 58 60 62,10 000,"location_onColobane, Dakar, Sénégal",https://images.coinafrique.com/thumb_5214576_uploaded_image1_1741111442.jpg,Vêtements Homme
Ensemble vêtements homme,10 000,"location_onGuediawaye, Dakar, Sénégal",https://images.coinafrique.com/thumb_5255096_uploaded_image1_1743180713.jpg,Vêtements Homme
Dialabé pour homme,10 000,"location_onFass, Dakar, Sénégal",https://images.coinafrique.com/thumb_5208678_uploaded_image1_1740830436.jpg,Vêtements Homme
Chemise homme,27 000,"location_onNgor, Dakar, Sénégal",https://images.coinafrique.com/thumb_5210987_uploaded_image1_1740960866.jpg,Vêtements Homme
T-shirts unique,Prix sur demande,"location_onColobane, Dakar, Sénégal",https://images.coinafrique.com/thumb_5252675_uploaded_image1_1743039854.jpg,Vêtements Homme
Sous-vêtements,5 000,"location_onColobane, Dakar, Sénégal",https://images.coinafrique.com/thumb_5252668_uploaded_image1_1743039511.jpg,Vêtements Homme
Jalaba homme,15 000,"location_onDakar Plateau, Dakar, Sénégal",https://images.coinafrique.com/thumb_5252052_uploaded_image1_1743008264.jpg,Vêtements Homme
Jalaba homme en coton,15 000,"location_onDakar Plateau, Dakar, Sénégal",https://images.coinafrique.com/thumb_5252041_uploaded_image1_1743008069.jpg,Vêtements Homme
Costume africain / Jalaba,20 000,"location_onMbao, Dakar, Sénégal",https://images.coinafrique.com/thumb_5249194_uploaded_image1_1742858033.jpg,Vêtements Homme
Pantalon  homme,7 500,"location_onNgor, Dakar, Sénégal",https://images.coinafrique.com/thumb_5206275_uploaded_image1_1740684650.jpg,Vêtements Homme
T-shirt,2 000,"location_onDiourbel, Sénégal",https://images.coinafrique.com/thumb_5248289_uploaded_image1_1742818871.jpg,Vêtements Homme
T-shirt,Prix sur demande,"location_onDiourbel, Sénégal",https://images.coinafrique.com/thumb_5248283_uploaded_image1_1742818669.jpg,Vêtements Homme
Ensemble costume,55 000,"location_onDakar, Sénégal",https://images.coinafrique.com/thumb_5246483_uploaded_image1_1742728129.jpg,Vêtements Homme
Djialabé,15 000,"location_onHLM, Dakar, Sénégal",https://images.coinafrique.com/thumb_5246077_uploaded_image1_1742693298.jpg,Vêtements Homme
Pantalon cargo,6 000,"location_onDakar, Sénégal",https://images.coinafrique.com/thumb_5245109_uploaded_image1_1742642622.jpg,Vêtements Homme
Ensemble homme,12 000,"location_onDakar, Sénégal",https://images.coinafrique.com/thumb_5238971_uploaded_image1_1742328597.jpg,Vêtements Homme
T-shirts,500,"location_onColobane, Dakar, Sénégal",https://images.coinafrique.com/thumb_5237808_uploaded_image1_1742289989.jpg,Vêtements Homme
Manchons de compression,2 000,"location_onDakar, Sénégal",https://images.coinafrique.com/thumb_5234946_uploaded_image1_1742143585.jpg,Vêtements Homme
T-shirts,1 800,"location_onParcelle Assainies, Dakar, Sénégal",https://images.coinafrique.com/thumb_5233635_uploaded_image1_1742051112.jpg,Vêtements Homme
Ensemble homme,12 000,"location_onParcelle Assainies, Dakar, Sénégal",https://images.coinafrique.com/thumb_5232674_uploaded_image1_1741986258.jpg,Vêtements Homme
Jalaba enfants,5 000,"location_onPikine, Sénégal",https://images.coinafrique.com/thumb_5232562_uploaded_image3_1741979905.jpeg,Vêtements Homme
Djialabé,10 000,"location_onPikine, Sénégal",https://images.coinafrique.com/thumb_5232167_uploaded_image1_1741963999.jpg,Vêtements Homme
Chemise El Hadji,13 000,"location_onPikine, Sénégal",https://images.coinafrique.com/thumb_5232160_uploaded_image1_1741963646.jpg,Vêtements Homme
Caleçon  homme,1 000,"location_onColobane, Dakar, Sénégal",https://images.coinafrique.com/thumb_5231448_uploaded_image1_1741937565.jpg,Vêtements Homme
Pull pour homme,12 500,"location_onFass, Dakar, Sénégal",https://images.coinafrique.com/thumb_5186517_uploaded_image1_1739580333.jpg,Vêtements Homme
Ensemble homme,15 000,"location_onDakar, Sénégal",https://images.coinafrique.com/thumb_5229245_uploaded_image1_1741819822.jpg,Vêtements Homme
Jalaba homme,15 000,"location_onMedina, Dakar, Sénégal",https://images.coinafrique.com/thumb_5228721_uploaded_image1_1741792647.jpg,Vêtements Homme
Chemin El haji,25 000,"location_onDakar, Sénégal",https://images.coinafrique.com/thumb_5228601_uploaded_image1_1741789094.jpg,Vêtements Homme
Chemin El Haji Elmas,13 000,"location_onDakar, Sénégal",https://images.coinafrique.com/thumb_5228541_uploaded_image1_1741787434.jpg,Vêtements Homme
Costume africain,45 000,"location_onGuediawaye, Dakar, Sénégal",https://images.coinafrique.com/thumb_5228489_uploaded_image1_1741785182.jpg,Vêtements Homme
Chemise homme,17 000,"location_onDakar, Sénégal",https://images.coinafrique.com/thumb_5228358_uploaded_image1_1741780855.jpg,Vêtements Homme
Diokîn pour homme,27 000,"location_onFass, Dakar, Sénégal",https://images.coinafrique.com/thumb_5182298_uploaded_image1_1739364640.jpg,Vêtements Homme
Pantalon Kaki,12 000,"location_onDakar, Sénégal",https://images.coinafrique.com/thumb_5226464_uploaded_image1_1741695765.jpg,Vêtements Homme
Jalabé  homme,20 000,"location_onGuediawaye, Dakar, Sénégal",https://images.coinafrique.com/thumb_5226397_uploaded_image1_1741693787.jpg,Vêtements Homme
Djalabé,10 000,"location_onAlmadies 2, Dakar, Sénégal",https://images.coinafrique.com/thumb_5225528_uploaded_image1_1741651639.jpg,Vêtements Homme
Costume pour homme,Prix sur demande,"location_onGuediawaye, Dakar, Sénégal",https://images.coinafrique.com/thumb_5225513_uploaded_image1_1741650194.jpg,Vêtements Homme
Dialabé  homme,10 000,"location_onFass, Dakar, Sénégal",https://images.coinafrique.com/thumb_5181202_uploaded_image1_1739296896.jpg,Vêtements Homme
Chaussures homme,20 000,"location_onFass, Dakar, Sénégal",https://images.coinafrique.com/thumb_5179614_uploaded_image1_1739215765.jpg,Vêtements Homme
Ensemble jogging,15 000,"location_onDakar, Sénégal",https://images.coinafrique.com/thumb_5219558_uploaded_image1_1741347843.jpg,Vêtements Homme
Ensemble homme,20 000,"location_onGuediawaye, Dakar, Sénégal",https://images.coinafrique.com/thumb_5217629_uploaded_image1_1741260481.jpg,Vêtements Homme
Box homme,10 000,"location_onOuest Foire, Dakar, Sénégal",https://images.coinafrique.com/thumb_5216645_uploaded_image1_1741207257.jpg,Vêtements Homme
Djialabé,15 000,"location_onMariste, Dakar, Sénégal",https://images.coinafrique.com/thumb_5214114_uploaded_image1_1741097075.jpg,Vêtements Homme
Jeans homme,10 000,"location_onOuest Foire, Dakar, Sénégal",https://images.coinafrique.com/thumb_5212458_uploaded_image1_1741020529.jpg,Vêtements Homme
Ensemble homme,25 000,"location_onHLM, Dakar, Sénégal",https://images.coinafrique.com/thumb_5211095_uploaded_image1_1740973039.jpg,Vêtements Homme
Ensemble homme,15 000,"location_onDakar, Sénégal",https://images.coinafrique.com/thumb_5210820_uploaded_image1_1740953834.jpg,Vêtements Homme
Ensemble short,10 000,"location_onDakar, Sénégal",https://images.coinafrique.com/thumb_5210816_uploaded_image1_1740953779.jpg,Vêtements Homme
Jellabs marocains homme,15 000,"location_onDieuppeul-Derklé, Dakar, Sénégal",https://images.coinafrique.com/thumb_5209751_uploaded_image1_1740878061.jpg,Vêtements Homme
T-shirt Jules,6 500,"location_onNgor, Dakar, Sénégal",https://images.coinafrique.com/thumb_5167839_uploaded_image1_1738613049.jpg,Vêtements Homme
Jalaba homme,8 000,"location_onGrand Yoff, Dakar, Sénégal",https://images.coinafrique.com/thumb_5207143_uploaded_image1_1740745195.jpg,Vêtements Homme
Ensemble homme,Prix sur demande,"location_onYoff, Dakar, Sénégal",https://images.coinafrique.com/thumb_5205737_uploaded_image1_1740661380.jpg,Vêtements Homme
Djialabé,12 000,"location_onParcelle Assainies, Dakar, Sénégal",https://images.coinafrique.com/thumb_5196625_uploaded_image1_1740145369.jpg,Vêtements Homme
Combinaison homme,45 000,"location_onPatte d'oie, Dakar, Sénégal",https://images.coinafrique.com/thumb_5202402_uploaded_image1_1740483071.jpg,Vêtements Homme
Djellaba,12 000,"location_onAlmadies 2, Dakar, Sénégal",https://images.coinafrique.com/thumb_5198746_uploaded_image1_1740258870.jpg,Vêtements Homme
Blouson homme avec capuche,Prix sur demande,"location_onParcelle Assainies, Dakar, Sénégal",https://images.coinafrique.com/thumb_5198094_uploaded_image1_1740224914.jpg,Vêtements Homme
Abaya homme,7 500,"location_onSacré-Coeur, Dakar, Sénégal",https://images.coinafrique.com/thumb_5197736_uploaded_image1_1740211862.jpg,Vêtements Homme
Djialabé,7 000,"location_onMedina, Dakar, Sénégal",https://images.coinafrique.com/thumb_5195658_uploaded_image1_1740079988.jpg,Vêtements Homme
Pulls collant,5 000,"location_onParcelle Assainies, Dakar, Sénégal",https://images.coinafrique.com/thumb_5193321_uploaded_image1_1739977517.jpg,Vêtements Homme
Vêtement homme,9 500,"location_onParcelle Assainies, Dakar, Sénégal",https://images.coinafrique.com/thumb_5192223_uploaded_image1_1739913574.jpg,Vêtements Homme
Jogging,3 000,"location_onDakar Plateau, Dakar, Sénégal",https://images.coinafrique.com/thumb_5190565_uploaded_image1_1739835602.jpg,Vêtements Homme
Djellaba pour homme,15 000,"location_onFass, Dakar, Sénégal",https://images.coinafrique.com/thumb_5141181_uploaded_image1_1737203810.jpg,Vêtements Homme
Costume,55 000,"location_onDakar, Sénégal",https://images.coinafrique.com/thumb_5186410_uploaded_image1_1739572880.jpg,Vêtements Homme
Boubous homme,850 000,"location_onGrand Yoff, Dakar, Sénégal",https://images.coinafrique.com/thumb_5186335_uploaded_image1_1739567861.jpg,Vêtements Homme
Pantalon  homme,45 000,"location_onNgor, Dakar, Sénégal",https://images.coinafrique.com/thumb_5184663_uploaded_image1_1739469851.jpg,Vêtements Homme
Vêtements homme,12 000,"location_onParcelle Assainies, Dakar, Sénégal",https://images.coinafrique.com/thumb_5184001_uploaded_image1_1739445536.jpg,Vêtements Homme
Chaussures homme,25 000,"location_onDakar, Sénégal",https://images.coinafrique.com/thumb_5182989_uploaded_image1_1739389601.jpg,Vêtements Homme
Sous-vêtements,12 500,"location_onFass, Dakar, Sénégal",https://images.coinafrique.com/thumb_5135693_uploaded_image1_1736930542.jpg,Vêtements Homme
Dialabe,12 000,"location_onDakar, Sénégal",https://images.coinafrique.com/thumb_5181605_uploaded_image1_1739313945.jpg,Vêtements Homme
Polo Boss,4 000,"location_onGrand Yoff, Dakar, Sénégal",https://images.coinafrique.com/thumb_5180647_uploaded_image1_1739276033.jpg,Vêtements Homme
Pull Over,8 000,"location_onParcelle Assainies, Dakar, Sénégal",https://images.coinafrique.com/thumb_5179844_uploaded_image1_1739225129.jpg,Vêtements Homme
Lot de 3 débardeur,5 000,"location_onDakar Plateau, Dakar, Sénégal",https://images.coinafrique.com/thumb_5130429_uploaded_image1_1736616495.jpg,Vêtements Homme
Débardeur en coton,5 000,"location_onDakar Plateau, Dakar, Sénégal",https://images.coinafrique.com/thumb_5134851_uploaded_image1_1736879211.jpg,Vêtements Homme
Lot de 3 débardeur,3 000,"location_onDakar Plateau, Dakar, Sénégal",https://images.coinafrique.com/thumb_5141405_uploaded_image1_1737216366.jpg,Vêtements Homme
T-shirts,5 000,"location_onDieuppeul-Derklé, Dakar, Sénégal",https://images.coinafrique.com/thumb_5176044_uploaded_image1_1739005206.jpg,Vêtements Homme
Vetement homme,5 000,"location_onFass, Dakar, Sénégal",https://images.coinafrique.com/thumb_5127469_uploaded_image1_1736445621.jpg,Vêtements Homme
Chemise homme,15 000,"location_onFass, Dakar, Sénégal",https://images.coinafrique.com/thumb_5127408_uploaded_image1_1736443373.jpg,Vêtements Homme
Lacoste homme,5 000,"location_onDakar, Sénégal",https://images.coinafrique.com/thumb_5171118_uploaded_image1_1738755635.jpg,Vêtements Homme
Ensemble Nike Tech Fleece,40 000,"location_onGrand Dakar, Dakar, Sénégal",https://images.coinafrique.com/thumb_5168364_uploaded_image1_1738628825.jpg,Vêtements Homme
Vetements homme,15 000,"location_onFass, Dakar, Sénégal",https://images.coinafrique.com/thumb_5119513_uploaded_image1_1736026950.jpg,Vêtements Homme
Chemises El-Hadji,18 000,"location_onDakar Plateau, Dakar, Sénégal",https://images.coinafrique.com/thumb_5119265_uploaded_image1_1736012510.jpg,Vêtements Homme
Chemise el hadji,10 000,"location_onDakar Plateau, Dakar, Sénégal",https://images.coinafrique.com/thumb_5119693_uploaded_image1_1736044548.jpg,Vêtements Homme
Ensemble blouson,20 000,"location_onDakar, Sénégal",https://images.coinafrique.com/thumb_5166796_uploaded_image1_1738580809.jpg,Vêtements Homme
Ensemble homme,17 000,"location_onDakar Plateau, Dakar, Sénégal",https://images.coinafrique.com/thumb_5166739_uploaded_image1_1738579217.jpg,Vêtements Homme
Ensemble homme,17 000,"location_onDakar Plateau, Dakar, Sénégal",https://images.coinafrique.com/thumb_5166733_uploaded_image1_1738579033.jpg,Vêtements Homme
Ensemble homme,32 500,"location_onDakar Plateau, Dakar, Sénégal",https://images.coinafrique.com/thumb_5166726_uploaded_image1_1738578838.jpg,Vêtements Homme
Vêtements homme,10 000,"location_onGrand Yoff, Dakar, Sénégal",https://images.coinafrique.com/thumb_5165738_uploaded_image2_1738518505.jpeg,Vêtements Homme
Pantalon,14 000,"location_onColobane, Dakar, Sénégal",https://images.coinafrique.com/thumb_5165652_uploaded_image1_1738513597.jpg,Vêtements Homme
Vêtements homme,7 500,"location_onDakar, Sénégal",https://images.coinafrique.com/thumb_5165562_uploaded_image1_1738508823.jpg,Vêtements Homme
Vêtements homme,7 500,"location_onDakar, Sénégal",https://images.coinafrique.com/thumb_5165560_uploaded_image1_1738508708.jpg,Vêtements Homme
Vêtements homme,7 500,"location_onDakar, Sénégal",https://images.coinafrique.com/thumb_5165558_uploaded_image1_1738508550.jpg,Vêtements Homme
Vêtements homme,7 500,"location_onDakar, Sénégal",https://images.coinafrique.com/thumb_5165554_uploaded_image1_1738508381.jpg,Vêtements Homme
Ensemble homme,20 000,"location_onColobane, Dakar, Sénégal",https://images.coinafrique.com/thumb_5116407_uploaded_image1_1735847542.jpg,Vêtements Homme
Ensemble 3 Pièces,30 000,"location_onHLM, Dakar, Sénégal",https://images.coinafrique.com/thumb_5160811_uploaded_image1_1738241510.jpg,Vêtements Homme
Lot de caleçons,10 000,"location_onSicap Liberté, Dakar, Sénégal",https://images.coinafrique.com/thumb_5156588_uploaded_image1_1738049517.jpg,Vêtements Homme
Chemises homme en coton,10 000,"location_onSicap Liberté, Dakar, Sénégal",https://images.coinafrique.com/thumb_5156585_uploaded_image1_1738049440.jpg,Vêtements Homme
Jean Celio,10 000,"location_onSicap Liberté, Dakar, Sénégal",https://images.coinafrique.com/thumb_5156025_uploaded_image1_1738009610.jpg,Vêtements Homme
Ensemble homme,8 000,"location_onDakar, Sénégal",https://images.coinafrique.com/thumb_5155643_uploaded_image1_1737994709.jpg,Vêtements Homme
Vêtements homme,7 500,"location_onKaolack, Sénégal",https://images.coinafrique.com/thumb_5155250_uploaded_image1_1737982432.jpg,Vêtements Homme
Costume africain,40 000,"location_onMbao, Dakar, Sénégal",https://images.coinafrique.com/thumb_5155092_uploaded_image2_1737976206.jpeg,Vêtements Homme
Vêtements homme,13 000,"location_onDakar Plateau, Dakar, Sénégal",https://images.coinafrique.com/thumb_5154164_uploaded_image1_1737913900.jpg,Vêtements Homme
Vêtements homme,Prix sur demande,"location_onDakar Plateau, Dakar, Sénégal",https://images.coinafrique.com/thumb_5154161_uploaded_image1_1737913840.jpg,Vêtements Homme
Vêtements homme,Prix sur demande,"location_onDakar Plateau, Dakar, Sénégal",https://images.coinafrique.com/thumb_5154157_uploaded_image2_1737913775.jpeg,Vêtements Homme
Vêtements homme,Prix sur demande,"location_onDakar Plateau, Dakar, Sénégal",https://images.coinafrique.com/thumb_5154154_uploaded_image1_1737913707.jpg,Vêtements Homme
Vêtements homme,Prix sur demande,"location_onDakar Plateau, Dakar, Sénégal",https://images.coinafrique.com/thumb_5154152_uploaded_image1_1737913645.jpg,Vêtements Homme
Pulls,11 000,"location_onGrand Yoff, Dakar, Sénégal",https://images.coinafrique.com/thumb_5149969_uploaded_image1_1737655503.jpg,Vêtements Homme
T-shirt,8 000,"location_onGrand Yoff, Dakar, Sénégal",https://images.coinafrique.com/thumb_5149957_uploaded_image1_1737655158.jpg,Vêtements Homme
Dialabé homme,10 000,"location_onDakar, Sénégal",https://images.coinafrique.com/thumb_5149891_uploaded_image1_1737653080.jpg,Vêtements Homme
Djialabé,12 000,"location_onPikine, Sénégal",https://images.coinafrique.com/thumb_5147857_uploaded_image1_1737561601.jpg,Vêtements Homme
Djialap pour homme,10 000,"location_onColobane, Dakar, Sénégal",https://images.coinafrique.com/thumb_5104607_uploaded_image1_1734974719.jpg,Vêtements Homme
Djalaba pour homme,10 000,"location_onColobane, Dakar, Sénégal",https://images.coinafrique.com/thumb_5105336_uploaded_image1_1735030845.jpg,Vêtements Homme
Pull unique,8 500,"location_onMedina, Dakar, Sénégal",https://images.coinafrique.com/thumb_5147705_uploaded_image1_1737556553.jpg,Vêtements Homme
Pull unique,8 500,"location_onMedina, Dakar, Sénégal",https://images.coinafrique.com/thumb_5147699_uploaded_image1_1737556424.jpg,Vêtements Homme
Costume africain,30 000,"location_onNgor, Dakar, Sénégal",https://images.coinafrique.com/thumb_5145144_uploaded_image1_1737451281.jpg,Vêtements Homme
Ensembles blouson,10 000,"location_onDieuppeul-Derklé, Dakar, Sénégal",https://images.coinafrique.com/thumb_5139741_uploaded_image1_1737118803.jpg,Vêtements Homme
Custume africain,30 000,"location_onHann Bel-Air, Dakar, Sénégal",https://images.coinafrique.com/thumb_5138792_uploaded_image1_1737058114.jpg,Vêtements Homme
Vêtements homme,30 000,"location_onGrand Yoff, Dakar, Sénégal",https://images.coinafrique.com/thumb_5137131_uploaded_image1_1736980238.jpg,Vêtements Homme
Ensemble homme,15 000,"location_onColobane, Dakar, Sénégal",https://images.coinafrique.com/thumb_5101945_uploaded_image1_1734782082.jpg,Vêtements Homme
Ensemble sous-vêtements et caleçon,2 000,"location_onColobane, Dakar, Sénégal",https://images.coinafrique.com/thumb_5133103_uploaded_image1_1736792637.jpg,Vêtements Homme
Vêtements homme,6 000,"location_onGuediawaye, Dakar, Sénégal",https://images.coinafrique.com/thumb_5131126_uploaded_image1_1736678817.jpg,Vêtements Homme
Bas large homme,7 000,"location_onDakar, Sénégal",https://images.coinafrique.com/thumb_5131117_uploaded_image1_1736677702.jpg,Vêtements Homme
Jalabe,25 000,"location_onDakar Plateau, Dakar, Sénégal",https://images.coinafrique.com/thumb_5130694_uploaded_image1_1736629706.jpg,Vêtements Homme
T-shirt,6 000,"location_onColobane, Dakar, Sénégal",https://images.coinafrique.com/thumb_5130442_uploaded_image1_1736617115.jpg,Vêtements Homme
Ensemble short et t-shirt,5 000,"location_onKeur Massar, Sénégal",https://images.coinafrique.com/thumb_5129420_uploaded_image1_1736548677.jpg,Vêtements Homme
Ensemble pull,10 000,"location_onGuediawaye, Dakar, Sénégal",https://images.coinafrique.com/thumb_5129006_uploaded_image1_1736528645.jpg,Vêtements Homme
Jalaba homme,15 000,"location_onDakar, Sénégal",https://images.coinafrique.com/thumb_5126818_uploaded_image1_1736423423.jpg,Vêtements Homme
Costumes homme,50 000,"location_onGuediawaye, Dakar, Sénégal",https://images.coinafrique.com/thumb_5126225_uploaded_image1_1736384138.jpg,Vêtements Homme
Jacket en cuir,14 000,"location_onGrand Yoff, Dakar, Sénégal",https://images.coinafrique.com/thumb_5125921_uploaded_image1_1736368741.jpg,Vêtements Homme
Lacoste homme,8 000,"location_onAlmadies, Dakar, Sénégal",https://images.coinafrique.com/thumb_5125477_uploaded_image1_1736354339.jpg,Vêtements Homme
Pull-over à capuche,8 500,"location_onGuediawaye, Dakar, Sénégal",https://images.coinafrique.com/thumb_5124119_uploaded_image1_1736283986.jpg,Vêtements Homme
Vêtements homme,Prix sur demande,"location_onDakar, Sénégal",https://images.coinafrique.com/thumb_5123705_uploaded_image1_1736266670.jpg,Vêtements Homme
Chaussures Adidas pantalon,9 000,"location_onAlmadies, Dakar, Sénégal",https://images.coinafrique.com/thumb_5122595_uploaded_image1_1736216554.jpg,Vêtements Homme
Tennis de sécurité,20 000,"location_onParcelle Assainies, Dakar, Sénégal",https://images.coinafrique.com/thumb_5121972_uploaded_image1_1736187214.jpg,Vêtements Homme
Tennis de travail,709 373 735,"location_onParcelle Assainies, Dakar, Sénégal",https://images.coinafrique.com/thumb_5121970_uploaded_image1_1736187110.jpg,Vêtements Homme
Tennis de travail,15 000,"location_onParcelle Assainies, Dakar, Sénégal",https://images.coinafrique.com/thumb_5121968_uploaded_image2_1736186951.jpeg,Vêtements Homme
Vêtements,Prix sur demande,"location_onDakar, Sénégal",https://images.coinafrique.com/thumb_5121681_uploaded_image1_1736175141.jpg,Vêtements Homme
Ensemble Costume africain,35 000,"location_onNgor, Dakar, Sénégal",https://images.coinafrique.com/thumb_5119898_uploaded_image1_1736069027.jpg,Vêtements Homme
Ensemble africain,30 000,"location_onNgor, Dakar, Sénégal",https://images.coinafrique.com/thumb_5119894_uploaded_image1_1736068886.jpg,Vêtements Homme
Costume africain,35 000,"location_onNgor, Dakar, Sénégal",https://images.coinafrique.com/thumb_5118948_uploaded_image1_1735994888.jpg,Vêtements Homme
Costume africain,45 000,"location_onAlmadies, Dakar, Sénégal",https://images.coinafrique.com/thumb_5118945_uploaded_image1_1735994636.jpg,Vêtements Homme
Ensemble pull-over,15 000,"location_onKeur Massar, Sénégal",https://images.coinafrique.com/thumb_5118036_uploaded_image1_1735932645.jpg,Vêtements Homme
T-shirt personnalisé pour noël,5 000,"location_onAlmadies, Dakar, Sénégal",https://images.coinafrique.com/thumb_5076364_uploaded_image1_1733345663.jpg,Vêtements Homme
Jeans Cargo homme,8 000,"location_onDamel, Dakar, Sénégal",https://images.coinafrique.com/thumb_5115022_uploaded_image1_1735766837.jpg,Vêtements Homme
Pull Hiver,5 000,"location_onGrand Yoff, Dakar, Sénégal",https://images.coinafrique.com/thumb_5114294_uploaded_image1_1735672479.jpg,Vêtements Homme
Vêtements hommes,10 000,"location_onAlmadies, Dakar, Sénégal",https://images.coinafrique.com/thumb_5113767_uploaded_image1_1735639791.jpg,Vêtements Homme
Blouson homme,7 500,"location_onParcelle Assainies, Dakar, Sénégal",https://images.coinafrique.com/thumb_5113572_uploaded_image1_1735625725.jpg,Vêtements Homme
Pantalons homme,6 500,"location_onPikine, Sénégal",https://images.coinafrique.com/thumb_5111696_uploaded_image1_1735494852.jpg,Vêtements Homme
Ensemble chemise et pantalon,12 000,"location_onPikine, Sénégal",https://images.coinafrique.com/thumb_5111688_uploaded_image1_1735494507.jpg,Vêtements Homme
Costumes africains,Prix sur demande,"location_onGuediawaye, Dakar, Sénégal",https://images.coinafrique.com/thumb_5110645_uploaded_image1_1735408325.jpg,Vêtements Homme
survêtement gris homme,15 000,"location_onAlmadies 2, Dakar, Sénégal",https://images.coinafrique.com/thumb_5110377_uploaded_image1_1735393334.jpg,Vêtements Homme
Ensemble gris,15 000,"location_onAlmadies 2, Dakar, Sénégal",https://images.coinafrique.com/thumb_5110368_uploaded_image1_1735392770.jpg,Vêtements Homme
Ensemble survêtement bleu,15 000,"location_onAlmadies 2, Dakar, Sénégal",https://images.coinafrique.com/thumb_5110343_uploaded_image1_1735391014.jpg,Vêtements Homme
Ensemble survêtement bleu,15 000,"location_onAlmadies 2, Dakar, Sénégal",https://images.coinafrique.com/thumb_5110311_uploaded_image1_1735389448.jpg,Vêtements Homme
Ensemble chemise,15 000,"location_onDakar, Sénégal",https://images.coinafrique.com/thumb_5109611_uploaded_image1_1735334339.jpg,Vêtements Homme
Costum safari,50 000,"location_onDakar, Sénégal",https://images.coinafrique.com/thumb_5108457_uploaded_image1_1735264866.jpg,Vêtements Homme
